,Name,Released,Dimension,Weight,Build,Sim,Display Type,Display Size,Resolution,Display Protection,Display(Other),OS,Chipset,CPU,GPU,Memory(External),Memory(Internal),Main Camera,Main Camera(Features),Main Camera(Video),Front Camera,Front Camera(Features),Front Camera(Video),Speker,Headphone Jack,+Radio,USB,Sensors,Battery Type,Charging,Battery Talktime,Colors,Models,SAR,SAR EU,Price,Benchmark Results,Battery Test,Popularity,Rating
0,Apple iPhone 16 Pro Max,True,True,True,True,"2024, September 09","Available. Released 2024, September 20",163 x 77.6 x 8.3 mm (6.42 x 3.06 x 0.33 in),227 g (8.01 oz),"Glass front (Corning-made glass), glass back (Corning-made glass), titanium frame (grade 5)","Nano-SIM and eSIM - International Dual eSIM with multiple numbers - USA Dual SIM (Nano-SIM, dual stand-by) - China","IP68 dust/water resistant (up to 6m for 30 min)
Apple Pay (Visa, MasterCard, AMEX certified)","LTPO Super Retina XDR OLED, 120Hz, HDR10, Dolby Vision, 1000 nits (typ), 2000 nits (HBM)","6.9 inches, 115.6 cm2 (~91.4% screen-to-body ratio)","1320 x 2868 pixels, 19.5:9 ratio (~460 ppi density)",Ceramic Shield glass (2024 gen),Always-On display,iOS 18,Apple A18 Pro (3 nm),Hexa-core (2x4.05 GHz + 4x2.42 GHz),Apple GPU (6-core graphics),No,"256GB 8GB RAM, 512GB 8GB RAM, 1TB 8GB RAM","48 MP, f/1.8, 24mm (wide), 1/1.28"", 1.22µm, dual pixel PDAF, sensor-shift OIS
12 MP, f/2.8, 120mm (periscope telephoto), 1/3.06"", 1.12µm, dual pixel PDAF, 3D sensor‑shift OIS, 5x optical zoom
48 MP, f/2.2, 13mm (ultrawide), 0.7µm, PDAF
TOF 3D LiDAR scanner (depth)","Dual-LED dual-tone flash, HDR (photo/panorama)","4K@24/25/30/60/100/120fps, 1080p@25/30/60/120/240fps, 10-bit HDR, Dolby Vision HDR (up to 60fps), ProRes, 3D (spatial) video/audio, stereo sound rec.","12 MP, f/1.9, 23mm (wide), 1/3.6"", PDAF, OIS
SL 3D, (depth/biometrics sensor)","HDR, Dolby Vision HDR, 3D (spatial) audio, stereo sound rec.","4K@24/25/30/60fps, 1080p@25/30/60/120fps, gyro-EIS",,No,"Wi-Fi 802.11 a/b/g/n/ac/6e/7, tri-band, hotspot","5.3, A2DP, LE","GPS (L1+L5), GLONASS, GALILEO, BDS, QZSS, NavIC",Yes,No,"USB Type-C 3.2 Gen 2, DisplayPort","Face ID, accelerometer, gyro, proximity, compass, barometer","Li-Ion 4685 mAh, non-removable","Wired, PD2.0, 50% in 30 min (advertised)
25W wireless (MagSafe), 15W wireless (China only)
15W wireless (Qi2)
4.5W reverse wired",,"Black Titanium, White Titanium, Natural Titanium, Desert Titanium","A3296, A3084, A3295, A3297, iPhone17,2",1.01 W/kg (head)     1.15 W/kg (body)     ,1.22 W/kg (head)     1.45 W/kg (body)     ,"$ 0.01 / € 1,799.00 / ₹ 144,900","
AnTuTu: 1723557 (v10)
GeekBench: 7968 (v6)
3DMark Wild life: 10016 (offscreen 1440p)",,,4.6
1,Apple iPhone 16 Pro,True,True,True,True,"2024, September 09","Available. Released 2024, September 20",149.6 x 71.5 x 8.3 mm (5.89 x 2.81 x 0.33 in),199 g (7.02 oz),"Glass front (Corning-made glass), glass back (Corning-made glass), titanium frame (grade 5)","Nano-SIM and eSIM - International Dual eSIM with multiple numbers - USA Dual SIM (Nano-SIM, dual stand-by) - China","IP68 dust/water resistant (up to 6m for 30 min)
Apple Pay (Visa, MasterCard, AMEX certified)","LTPO Super Retina XDR OLED, 120Hz, HDR10, Dolby Vision, 1000 nits (typ), 2000 nits (HBM)","6.3 inches, 96.4 cm2 (~90.1% screen-to-body ratio)","1206 x 2622 pixels, 19.5:9 ratio (~460 ppi density)",Ceramic Shield glass (2024 gen),Always-On display,iOS 18,Apple A18 Pro (3 nm),Hexa-core (2x4.05 GHz + 4x2.42 GHz),Apple GPU (6-core graphics),No,"128GB 8GB RAM, 256GB 8GB RAM, 512GB 8GB RAM, 1TB 8GB RAM","48 MP, f/1.8, 24mm (wide), 1/1.28"", 1.22µm, dual pixel PDAF, sensor-shift OIS
12 MP, f/2.8, 120mm (periscope telephoto), 1/3.06"", 1.12µm, dual pixel PDAF, 3D sensor‑shift OIS, 5x optical zoom
48 MP, f/2.2, 13mm (ultrawide), 0.7µm, PDAF
TOF 3D LiDAR scanner (depth)","Dual-LED dual-tone flash, HDR (photo/panorama)","4K@24/25/30/60/100/120fps, 1080p@25/30/60/120/240fps, 10-bit HDR, Dolby Vision HDR (up to 60fps), ProRes, 3D (spatial) video/audio, stereo sound rec.","12 MP, f/1.9, 23mm (wide), 1/3.6"", PDAF, OIS
SL 3D, (depth/biometrics sensor)","HDR, Dolby Vision HDR, 3D (spatial) audio, stereo sound rec.","4K@24/25/30/60fps, 1080p@25/30/60/120fps, gyro-EIS",,No,"Wi-Fi 802.11 a/b/g/n/ac/6e/7, tri-band, hotspot","5.3, A2DP, LE","GPS (L1+L5), GLONASS, GALILEO, BDS, QZSS, NavIC",Yes,No,"USB Type-C 3.2 Gen 2, DisplayPort","Face ID, accelerometer, gyro, proximity, compass, barometer","Li-Ion 3582 mAh, non-removable","Wired, PD2.0, 50% in 30 min (advertised)
25W wireless (MagSafe), 15W wireless (China only)
15W wireless (Qi2)
4.5W reverse wired",,"Black Titanium, White Titanium, Natural Titanium, Desert Titanium","A3293, A3083, A3292, A3294, iPhone17,1",1.09 W/kg (head)     1.19 W/kg (body)     ,1.24 W/kg (head)     1.48 W/kg (body)     ,"$ 0.01 / € 1,579.00 / £ 1,038.00","
AnTuTu: 1668381 (v10)
GeekBench: 8283 (v6)
3DMark Wild life: 10010 (offscreen 1440p)",,,4.6
2,Apple iPhone 16 Plus,True,True,True,True,"2024, September 09","Available. Released 2024, September 20",160.9 x 77.8 x 7.8 mm (6.33 x 3.06 x 0.31 in),199 g (7.02 oz),"Glass front (Corning-made glass), glass back (Corning-made glass), aluminum frame","Nano-SIM and eSIM - International Dual eSIM with multiple numbers - USA Dual SIM (Nano-SIM, dual stand-by) - China","IP68 dust/water resistant (up to 6m for 30 min)
Apple Pay (Visa, MasterCard, AMEX certified)","Super Retina XDR OLED, HDR10, Dolby Vision, 1000 nits (typ), 2000 nits (HBM)","6.7 inches, 110.2 cm2 (~88.0% screen-to-body ratio)","1290 x 2796 pixels, 19.5:9 ratio (~460 ppi density)",Ceramic Shield glass (2024 gen),,iOS 18,Apple A18 (3 nm),Hexa-core (2x4.04 GHz + 4x2.20 GHz),Apple GPU (5-core graphics),No,"128GB 8GB RAM, 256GB 8GB RAM, 512GB 8GB RAM","48 MP, f/1.6, 26mm (wide), 1/1.56"", 1.0µm, dual pixel PDAF, sensor-shift OIS
12 MP, f/2.2, 13mm, 120˚ (ultrawide), 0.7µm, dual pixel PDAF","Dual-LED dual-tone flash, HDR (photo/panorama)","4K@24/25/30/60fps, 1080p@25/30/60/120/240fps, HDR, Dolby Vision HDR (up to 60fps), stereo sound rec.","12 MP, f/1.9, 23mm (wide), 1/3.6"", PDAF
SL 3D, (depth/biometrics sensor)","HDR, Dolby Vision HDR, 3D (spatial) audio, stereo sound rec.","4K@24/25/30/60fps, 1080p@25/30/60/120fps, gyro-EIS",,No,"Wi-Fi 802.11 a/b/g/n/ac/6/7, tri-band, hotspot","5.3, A2DP, LE","GPS, GLONASS, GALILEO, BDS, QZSS",Yes,No,"USB Type-C 2.0, DisplayPort","Face ID, accelerometer, gyro, proximity, compass, barometer","Li-Ion 4674 mAh, non-removable","Wired, PD2.0, 50% in 30 min (advertised)
25W wireless (MagSafe), 15W wireless (China only)
15W wireless (Qi2)
4.5W reverse wired",,"Black, White, Pink, Teal, Ultramarine","A3290, A3082, A3289, A3291, iPhone17,4",1.13 W/kg (head)     1.16 W/kg (body)     ,1.24 W/kg (head)     1.33 W/kg (body)     ,"$ 929.99 / € 1,099.00 / £ 899.00 / ₹ 89,900","
AnTuTu: 1552895 (v10)
GeekBench: 7809 (v6)
3DMark Wild life: 10026 (offscreen 1440p)",,,4.1
3,Apple iPhone 16,True,True,True,True,"2024, September 09","Available. Released 2024, September 20",147.6 x 71.6 x 7.8 mm (5.81 x 2.82 x 0.31 in),170 g (6.00 oz),"Glass front (Corning-made glass), glass back (Corning-made glass), aluminum frame","Nano-SIM and eSIM - International Dual eSIM with multiple numbers - USA Dual SIM (Nano-SIM, dual stand-by) - China","IP68 dust/water resistant (up to 6m for 30 min)
Apple Pay (Visa, MasterCard, AMEX certified)","Super Retina XDR OLED, HDR10, Dolby Vision, 1000 nits (typ), 2000 nits (HBM)","6.1 inches, 91.7 cm2 (~86.8% screen-to-body ratio)","1179 x 2556 pixels, 19.5:9 ratio (~460 ppi density)",Ceramic Shield glass (2024 gen),,iOS 18,Apple A18 (3 nm),Hexa-core (2x4.04 GHz + 4x2.20 GHz),Apple GPU (5-core graphics),No,"128GB 8GB RAM, 256GB 8GB RAM, 512GB 8GB RAM","48 MP, f/1.6, 26mm (wide), 1/1.56"", 1.0µm, dual pixel PDAF, sensor-shift OIS
12 MP, f/2.2, 13mm, 120˚ (ultrawide), 0.7µm, dual pixel PDAF","Dual-LED dual-tone flash, HDR (photo/panorama)","4K@24/25/30/60fps, 1080p@25/30/60/120/240fps, HDR, Dolby Vision HDR (up to 60fps), stereo sound rec.","12 MP, f/1.9, 23mm (wide), 1/3.6"", PDAF
SL 3D, (depth/biometrics sensor)","HDR, Dolby Vision HDR, 3D (spatial) audio, stereo sound rec.","4K@24/25/30/60fps, 1080p@25/30/60/120fps, gyro-EIS",,No,"Wi-Fi 802.11 a/b/g/n/ac/6/7, tri-band, hotspot","5.3, A2DP, LE","GPS, GLONASS, GALILEO, BDS, QZSS",Yes,No,"USB Type-C 2.0, DisplayPort","Face ID, accelerometer, gyro, proximity, compass, barometer","Li-Ion 3561 mAh, non-removable","Wired, PD2.0, 50% in 30 min (advertised)
25W wireless (MagSafe), 15W wireless (China only)
15W wireless (Qi2)
4.5W reverse wired",,"Black, White, Pink, Teal, Ultramarine","A3287, A3081, A3286, A3288, iPhone17,3",1.08 W/kg (head)     1.17 W/kg (body)     ,1.24 W/kg (head)     1.41 W/kg (body)     ,"$ 829.99 / € 949.00 / £ 799.00 / ₹ 79,900","
AnTuTu: 1510034 (v10)
GeekBench: 7901 (v6)
3DMark Wild life: 10030 (offscreen 1440p)",,,4.0
4,Apple Watch Series 10,True,True,True,False,"2024, September 09","Available. Released 2024, September 20",46 x 39 x 9.7 mm (1.81 x 1.54 x 0.38 in),"34.4 g (42mm), 41.7 g (46mm) (1.48 oz)","Glass front, ceramic/sapphire crystal back, titanium frame (grade 5)",eSIM,"IP6X certified
50m water resistant
ECG certified (region dependent SW application; HW available on all models)
Depth gauge to 6m","Retina LTPO3 OLED, 2000 nits (peak)",1.96 inches,496 x 416 pixels (~330 ppi density),Sapphire crystal glass,"Always-on display
Wide-angle OLED",watchOS 11,Apple S10,Dual-core,PowerVR,No,64GB,No,,,,,,,No,"Wi-Fi 802.11 b/g/n, dual-band","5.3, A2DP, LE","GPS, GLONASS, GALILEO, QZSS, BDS",Yes,No,No,"Accelerometer, gyro, heart rate, barometer, always-on altimeter, compass, SpO2, VO2max, temperature (body), temperature (water)","Li-Ion 327 mAh, non-removable","Wireless, 0-80% in 30 min (advertised)",,"Slate, Gold, Natural","A3001, A3002, A3003, A3206",1.08 W/kg (head)     ,0.26 W/kg (head)     0.83 W/kg (body)     ,$ 749.00 / € 799.00,,,,
5,Apple Watch Series 10 Aluminum,True,True,True,False,"2024, September 09","Available. Released 2024, September 20",46 x 39 x 9.7 mm (1.81 x 1.54 x 0.38 in),"29.3 g (42mm), 35.3 g (46mm) (1.02 oz)","Glass front, ceramic/sapphire crystal back, aluminum frame",eSIM,"IP6X certified
50m water resistant
ECG certified (region dependent SW application; HW available on all models)
Depth gauge to 6m","Retina LTPO3 OLED, 2000 nits (peak)",1.96 inches,496 x 416 pixels (~330 ppi density),Ion-X strengthened glass,"Always-on display
Wide-angle OLED",watchOS 11,Apple S10,Dual-core,PowerVR,No,64GB,No,,,,,,,No,"Wi-Fi 802.11 b/g/n, dual-band","5.3, A2DP, LE","GPS, GLONASS, GALILEO, QZSS, BDS",Yes,No,No,"Accelerometer, gyro, heart rate, barometer, always-on altimeter, compass, SpO2, VO2max, temperature (body), temperature (water)","Li-Ion 327 mAh, non-removable","Wireless, 0-80% in 30 min (advertised)",,"Jet Black, Rose Gold, Silver","A3001, A3002, A3003, A3206, A2997, A2998, A2999, A3000",1.08 W/kg (head)     ,0.26 W/kg (head)     0.83 W/kg (body)     ,$ 399.00 / € 440.00,,,,
6,Apple iPad Pro 13 (2024),True,True,True,True,"2024, May 07","Available. Released 2024, May 15",281.6 x 215.5 x 5.1 mm (11.09 x 8.48 x 0.20 in),"579 g (Wi-Fi), 582 g (5G) (1.28 lb)","Glass front, aluminum back, aluminum frame",eSIM,"Stylus support, bluetooth integration, magnetic (Apple Pencil Pro, Apple Pencil 2)","Ultra Retina Tandem OLED, 120Hz, HDR10, Dolby Vision, 1000 nits (HBM), 1600 nits (peak)","13.0 inches, 527.3 cm2 (~86.9% screen-to-body ratio)","2064 x 2752 pixels, 4:3 ratio (~264 ppi density)","Scratch-resistant glass, oleophobic coating","Antireflective coating
Nano-texture display glass option on 1TB and 2TB models","iPadOS 17.5.1, upgradable to iPadOS 18",Apple M4,"9-core 4.4 GHz (3 performance cores, 6 efficiency cores) - 256/512GB models10-core 4.4 GHz (4 performance cores, 6 efficiency cores) - 1/2TB models",Apple GPU (10-core graphics),No,"256GB 8GB RAM, 512GB 8GB RAM, 1TB 16GB RAM, 2TB 16GB RAM","12 MP, f/1.8, (wide), dual pixel PDAF
TOF 3D LiDAR scanner (depth)","Quad-LED dual-tone flash, HDR","4K@24/25/30/60fps, 1080p@25/30/60/120/240fps; gyro-EIS, ProRes (4K, 1080p)","12 MP, f/2.4, 122˚ (ultrawide)","Face detection, HDR, panorama","1080p@25/30/60fps, gyro-EIS, HDR",,No,"Wi-Fi 802.11 a/b/g/n/ac/6e, dual-band, hotspot","5.3, A2DP, LE, EDR","GPS, GLONASS, GALILEO, QZSS (Wi‑Fi + Cellular model only)",No,No,"USB Type-C 4 (Thunderbolt 3), DisplayPort, magnetic connector","Face ID, accelerometer, gyro, compass, barometer","Li-Po 10290 mAh, non-removable",,,"Silver, Space Black","A2925, A2926, A3007, iPad16,5, iPad16,6",,,About 1550 EUR,,,,
7,Apple iPad Pro 11 (2024),True,True,True,True,"2024, May 07","Available. Released 2024, May 15",249.7 x 177.5 x 5.3 mm (9.83 x 6.99 x 0.21 in),"444 g (Wi-Fi), 446 g (5G) (1.03 lb)","Glass front, aluminum back, aluminum frame",eSIM,"Stylus support, bluetooth integration, magnetic (Apple Pencil Pro, Apple Pencil 2)","Ultra Retina Tandem OLED, 120Hz, HDR10, Dolby Vision, 1000 nits (HBM), 1600 nits (peak)","11.0 inches, 373.1 cm2 (~84.2% screen-to-body ratio)","1668 x 2420 pixels, 3:2 ratio (~264 ppi density)","Scratch-resistant glass, oleophobic coating","Antireflective coating
Nano-texture display glass option on 1TB and 2TB models","iPadOS 17.5.1, upgradable to iPadOS 18",Apple M4,"9-core 4.4 GHz (3 performance cores, 6 efficiency cores) - 256/512GB models10-core 4.4 GHz (4 performance cores, 6 efficiency cores) - 1/2TB models",Apple GPU (10-core graphics),No,"256GB 8GB RAM, 512GB 8GB RAM, 1TB 16GB RAM, 2TB 16GB RAM","12 MP, f/1.8, (wide), dual pixel PDAF
TOF 3D LiDAR scanner (depth)","Quad-LED dual-tone flash, HDR","4K@24/25/30/60fps, 1080p@25/30/60/120/240fps; gyro-EIS, ProRes (4K, 1080p)","12 MP, f/2.4, 122˚ (ultrawide)","Face detection, HDR, panorama","1080p@25/30/60fps, gyro-EIS, HDR",,No,"Wi-Fi 802.11 a/b/g/n/ac/6e, dual-band, hotspot","5.3, A2DP, LE, EDR","GPS, GLONASS, GALILEO, QZSS (Wi‑Fi + Cellular model only)",No,No,"USB Type-C 4 (Thunderbolt 3), DisplayPort, magnetic connector","Face ID, accelerometer, gyro, compass, barometer","Li-Po 8160 mAh, non-removable",,,"Silver, Space Black","A2836, A2837, A3006, iPad16,3, iPad16,4",,,About 1200 EUR,"
AnTuTu: 2566792 (v10)
GeekBench: 13160 (v6)",,,4.3
8,Apple iPad Air 13 (2024),True,True,True,True,"2024, May 07","Available. Released 2024, May 15",280.6 x 214.9 x 6.1 mm (11.05 x 8.46 x 0.24 in),617 g (Wi-Fi) / 618 g (5G) (1.36 lb),"Glass front, aluminum back, aluminum frame",eSIM,"Stylus support (Apple Pencil Pro, Apple Pencil 2)","Liquid Retina IPS LCD, 600 nits (typ)","13.0 inches, 519.3 cm2 (~86.1% screen-to-body ratio)","2048 x 2732 pixels, 4:3 ratio (~264 ppi density)","Scratch-resistant glass, oleophobic coating",,"iPadOS 17.5.1, upgradable to iPadOS 18",Apple M2,Octa-core (4 performance cores and 4 efficiency cores),Apple GPU (9-core graphics),No,"128GB 8GB RAM, 256GB 8GB RAM, 512GB 8GB RAM, 1TB 8GB RAM","12 MP, f/1.8, (wide), 1/3.0"", 1.22µm, dual pixel PDAF",HDR,"4K@24/25/30/60fps, 1080p@25/30/60/120/240fps; gyro-EIS","12 MP, f/2.4, 122˚ (ultrawide)",HDR,1080p@25/30/60fps; gyro-EIS,,No,"Wi-Fi 802.11 a/b/g/n/ac/6e, dual-band, hotspot","5.3, A2DP, LE","GPS, GLONASS (5G model only)",No,No,"USB Type-C 3.1 Gen2, DisplayPort, magnetic connector","Fingerprint (top-mounted), accelerometer, gyro, compass, barometer","Li-Po (36.59 Wh), non-removable",,,"Space Gray, Starlight, Purple, Blue","A2898, A2903, A2904,  iPad14,10,  iPad14,11",,,About 950 EUR,,,,
9,Apple iPad Air 11 (2024),True,True,True,True,"2024, May 07","Available. Released 2024, May 15",247.6 x 178.5 x 6.1 mm (9.75 x 7.03 x 0.24 in),462 g (1.02 lb),"Glass front, aluminum back, aluminum frame",eSIM,"Stylus support (Apple Pencil Pro, Apple Pencil 2)","Liquid Retina IPS LCD, 500 nits (typ)","11.0 inches, 357.6 cm2 (~80.9% screen-to-body ratio)",1640 x 2360 pixels (~264 ppi density),"Scratch-resistant glass, oleophobic coating",,"iPadOS 17.4, upgradable to iPadOS 18",Apple M2,Octa-core (4 performance cores and 4 efficiency cores),Apple GPU (9-core graphics),No,"128GB 8GB RAM, 256GB 8GB RAM, 512GB 8GB RAM, 1TB 8GB RAM","12 MP, f/1.8, (wide), 1/3.0"", 1.22µm, dual pixel PDAF",HDR,"4K@24/25/30/60fps, 1080p@25/30/60/120/240fps; gyro-EIS","12 MP, f/2.4, 122˚ (ultrawide)",HDR,1080p@25/30/60fps; gyro-EIS,,No,"Wi-Fi 802.11 a/b/g/n/ac/6e, dual-band, hotspot","5.3, A2DP, LE","GPS, GLONASS (5G model only)",No,No,"USB Type-C 3.1 Gen2, DisplayPort, magnetic connector","Fingerprint (top-mounted), accelerometer, gyro, compass, barometer","Li-Po (28.93 Wh), non-removable",,,"Space Gray, Starlight, Purple, Blue","A2902, A2899, A2900, iPad14,8, iPad14,9",,,About 700 EUR,,,,
10,Apple iPhone 15 Pro Max,True,True,True,True,"2023, September 12","Available. Released 2023, September 22",159.9 x 76.7 x 8.3 mm (6.30 x 3.02 x 0.33 in),221 g (7.80 oz),"Glass front (Corning-made glass), glass back (Corning-made glass), titanium frame (grade 5)","Nano-SIM and eSIM - International Dual eSIM with multiple numbers - USA Dual SIM (Nano-SIM, dual stand-by) - China","IP68 dust/water resistant (up to 6m for 30 min)
Apple Pay (Visa, MasterCard, AMEX certified)","LTPO Super Retina XDR OLED, 120Hz, HDR10, Dolby Vision, 1000 nits (typ), 2000 nits (HBM)","6.7 inches, 110.2 cm2 (~89.8% screen-to-body ratio)","1290 x 2796 pixels, 19.5:9 ratio (~460 ppi density)",Ceramic Shield glass,Always-On display,"iOS 17, upgradable to iOS 18",Apple A17 Pro (3 nm),Hexa-core (2x3.78 GHz + 4x2.11 GHz),Apple GPU (6-core graphics),No,"256GB 8GB RAM, 512GB 8GB RAM, 1TB 8GB RAM","48 MP, f/1.8, 24mm (wide), 1/1.28"", 1.22µm, dual pixel PDAF, sensor-shift OIS
12 MP, f/2.8, 120mm (periscope telephoto), 1/3.06"", 1.12µm, dual pixel PDAF, 3D sensor‑shift OIS, 5x optical zoom
12 MP, f/2.2, 13mm, 120˚ (ultrawide), 1/2.55"", 1.4µm, dual pixel PDAF
TOF 3D LiDAR scanner (depth)","Dual-LED dual-tone flash, HDR (photo/panorama)","4K@24/25/30/60fps, 1080p@25/30/60/120/240fps, 10-bit HDR, Dolby Vision HDR (up to 60fps), ProRes, 3D (spatial) video, stereo sound rec.","12 MP, f/1.9, 23mm (wide), 1/3.6"", PDAF, OIS
SL 3D, (depth/biometrics sensor)","HDR, Dolby Vision HDR","4K@24/25/30/60fps, 1080p@25/30/60/120fps, gyro-EIS",,No,"Wi-Fi 802.11 a/b/g/n/ac/6e, tri-band, hotspot","5.3, A2DP, LE","GPS (L1+L5), GLONASS, GALILEO, BDS, QZSS, NavIC",Yes,No,"USB Type-C 3.2 Gen 2, DisplayPort","Face ID, accelerometer, gyro, proximity, compass, barometer","Li-Ion 4441 mAh, non-removable","Wired, PD2.0, 50% in 30 min (advertised)
15W wireless (MagSafe)
15W wireless (Qi2) - requires iOS 17.2 update
4.5W reverse wired",,"Black Titanium, White Titanium, Blue Titanium, Natural Titanium","A2849, A3105, A3106, A3108, iPhone16,2",1.07 W/kg (head)     1.11 W/kg (body)     ,0.98 W/kg (head)     0.98 W/kg (body)     ,"$ 784.95 / € 1,045.00 / £ 850.99 / ₹ 128,900","
AnTuTu: 1487203 (v10)
GeekBench: 7237 (v6.0)",Endurance rating 118h,,4.6
11,Apple iPhone 15 Pro,True,True,True,True,"2023, September 12","Available. Released 2023, September 22",146.6 x 70.6 x 8.3 mm (5.77 x 2.78 x 0.33 in),187 g (6.60 oz),"Glass front (Corning-made glass), glass back (Corning-made glass), titanium frame (grade 5)","Nano-SIM and eSIM - International Dual eSIM with multiple numbers - USA Dual SIM (Nano-SIM, dual stand-by) - China","IP68 dust/water resistant (up to 6m for 30 min)
Apple Pay (Visa, MasterCard, AMEX certified)","LTPO Super Retina XDR OLED, 120Hz, HDR10, Dolby Vision, 1000 nits (typ), 2000 nits (HBM)","6.1 inches, 91.3 cm2 (~88.2% screen-to-body ratio)","1179 x 2556 pixels, 19.5:9 ratio (~461 ppi density)",Ceramic Shield glass,Always-On display,"iOS 17, upgradable to iOS 18",Apple A17 Pro (3 nm),Hexa-core (2x3.78 GHz + 4x2.11 GHz),Apple GPU (6-core graphics),No,"128GB 8GB RAM, 256GB 8GB RAM, 512GB 8GB RAM, 1TB 8GB RAM","48 MP, f/1.8, 24mm (wide), 1/1.28"", 1.22µm, dual pixel PDAF, sensor-shift OIS
12 MP, f/2.8, 77mm (telephoto), 1/3.5"", 1.0µm, PDAF, OIS, 3x optical zoom
12 MP, f/2.2, 13mm, 120˚ (ultrawide), 1/2.55"", 1.4µm, dual pixel PDAF
TOF 3D LiDAR scanner (depth)","Dual-LED dual-tone flash, HDR (photo/panorama)","4K@24/25/30/60fps, 1080p@25/30/60/120/240fps, 10-bit HDR, Dolby Vision HDR (up to 60fps), ProRes, 3D (spatial) video, stereo sound rec.","12 MP, f/1.9, 23mm (wide), 1/3.6"", PDAF, OIS
SL 3D, (depth/biometrics sensor)","HDR, Dolby Vision HDR","4K@24/25/30/60fps, 1080p@25/30/60/120fps, gyro-EIS",,No,"Wi-Fi 802.11 a/b/g/n/ac/6e, tri-band, hotspot","5.3, A2DP, LE","GPS (L1+L5), GLONASS, GALILEO, BDS, QZSS, NavIC",Yes,No,"USB Type-C 3.2 Gen 2, DisplayPort","Face ID, accelerometer, gyro, proximity, compass, barometer","Li-Ion 3274 mAh, non-removable","Wired, PD2.0, 50% in 30 min (advertised)
15W wireless (MagSafe)
15W wireless (Qi2) - requires iOS 17.2 update
4.5W reverse wired",,"Black Titanium, White Titanium, Blue Titanium, Natural Titanium","A2848, A3101, A3102, A3104, iPhone16,1",1.14 W/kg (head)     1.16 W/kg (body)     ,0.98 W/kg (head)     0.98 W/kg (body)     ,"$ 754.99 / € 867.00 / £ 732.51 / ₹ 109,900",,Endurance rating 86h,,4.5
12,Apple iPhone 15 Plus,True,True,True,True,"2023, September 12","Available. Released 2023, September 22",160.9 x 77.8 x 7.8 mm (6.33 x 3.06 x 0.31 in),201 g (7.09 oz),"Glass front (Corning-made glass), glass back (Corning-made glass), aluminum frame","Nano-SIM and eSIM - International Dual eSIM with multiple numbers - USA Dual SIM (Nano-SIM, dual stand-by) - China","IP68 dust/water resistant (up to 6m for 30 min)
Apple Pay (Visa, MasterCard, AMEX certified)","Super Retina XDR OLED, HDR10, Dolby Vision, 1000 nits (HBM), 2000 nits (peak)","6.7 inches, 110.2 cm2 (~88.0% screen-to-body ratio)","1290 x 2796 pixels, 19.5:9 ratio (~460 ppi density)",Ceramic Shield glass,,"iOS 17, upgradable to iOS 18",Apple A16 Bionic (4 nm),Hexa-core (2x3.46 GHz Everest + 4x2.02 GHz Sawtooth),Apple GPU (5-core graphics),No,"128GB 6GB RAM, 256GB 6GB RAM, 512GB 6GB RAM","48 MP, f/1.6, 26mm (wide), 1/1.56"", 1.0µm, dual pixel PDAF, sensor-shift OIS
12 MP, f/2.4, 13mm, 120˚ (ultrawide), 0.7µm","Dual-LED dual-tone flash, HDR (photo/panorama)","4K@24/25/30/60fps, 1080p@25/30/60/120/240fps, HDR, Dolby Vision HDR (up to 60fps), stereo sound rec.","12 MP, f/1.9, 23mm (wide), 1/3.6"", PDAF
SL 3D, (depth/biometrics sensor)","HDR, Dolby Vision HDR","4K@24/25/30/60fps, 1080p@25/30/60/120fps, gyro-EIS",,No,"Wi-Fi 802.11 a/b/g/n/ac/6, dual-band, hotspot","5.3, A2DP, LE","GPS, GLONASS, GALILEO, BDS, QZSS",Yes,No,"USB Type-C 2.0, DisplayPort","Face ID, accelerometer, gyro, proximity, compass, barometer","Li-Ion 4383 mAh, non-removable","Wired, PD2.0, 50% in 30 min (advertised)
15W wireless (MagSafe)
15W wireless (Qi2) - requires iOS 17.2 update
4.5W reverse wired",,"Black, Blue, Green, Yellow, Pink","A3094, A2847, A3093, A3096, iPhone15,5",1.01 W/kg (head)     1.12 W/kg (body)     ,0.98 W/kg (head)     0.98 W/kg (body)     ,"$ 580.19 / € 760.29 / £ 665.00 / ₹ 75,900","
AnTuTu: 1385649 (v10)
GeekBench: 6618 (v6)
GFXBench: 60fps (ES 3.1 onscreen)",Endurance rating 111h,,4.2
13,Apple iPhone 15,True,True,True,True,"2023, September 12","Available. Released 2023, September 22",147.6 x 71.6 x 7.8 mm (5.81 x 2.82 x 0.31 in),171 g (6.03 oz),"Glass front (Corning-made glass), glass back (Corning-made glass), aluminum frame","Nano-SIM and eSIM - International Dual eSIM with multiple numbers - USA Dual SIM (Nano-SIM, dual stand-by) - China","IP68 dust/water resistant (up to 6m for 30 min)
Apple Pay (Visa, MasterCard, AMEX certified)","Super Retina XDR OLED, HDR10, Dolby Vision, 1000 nits (HBM), 2000 nits (peak)","6.1 inches, 91.3 cm2 (~86.4% screen-to-body ratio)","1179 x 2556 pixels, 19.5:9 ratio (~461 ppi density)",Ceramic Shield glass,,"iOS 17, upgradable to iOS 18",Apple A16 Bionic (4 nm),Hexa-core (2x3.46 GHz Everest + 4x2.02 GHz Sawtooth),Apple GPU (5-core graphics),No,"128GB 6GB RAM, 256GB 6GB RAM, 512GB 6GB RAM","48 MP, f/1.6, 26mm (wide), 1/1.56"", 1.0µm, dual pixel PDAF, sensor-shift OIS
12 MP, f/2.4, 13mm, 120˚ (ultrawide), 0.7µm","Dual-LED dual-tone flash, HDR (photo/panorama)","4K@24/25/30/60fps, 1080p@25/30/60/120/240fps, HDR, Dolby Vision HDR (up to 60fps), stereo sound rec.","12 MP, f/1.9, 23mm (wide), 1/3.6"", PDAF
SL 3D, (depth/biometrics sensor)","HDR, Dolby Vision HDR","4K@24/25/30/60fps, 1080p@25/30/60/120fps, gyro-EIS",,No,"Wi-Fi 802.11 a/b/g/n/ac/6, dual-band, hotspot","5.3, A2DP, LE","GPS, GLONASS, GALILEO, BDS, QZSS",Yes,No,"USB Type-C 2.0, DisplayPort","Face ID, accelerometer, gyro, proximity, compass, barometer","Li-Ion 3349 mAh, non-removable","Wired, PD2.0, 50% in 30 min (advertised)
15W wireless (MagSafe)
15W wireless (Qi2) - requires iOS 17.2 update
4.5W reverse wired",,"Black, Blue, Green, Yellow, Pink","A3090, A2846, A3089, A3092, iPhone15,4",1.12 W/kg (head)     1.14 W/kg (body)     ,0.98 W/kg (head)     0.98 W/kg (body)     ,"$ 549.99 / € 703.99 / £ 571.50 / ₹ 66,900","
AnTuTu: 1354651 (v10)
GeekBench: 6526 (v6)
GFXBench: 60fps (ES 3.1 onscreen)",Endurance rating 98h,,4.1
14,Apple Watch Ultra 2,True,True,True,False,"2023, September 12","Available. Released 2023, September 22",49 x 44 x 14.4 mm (1.93 x 1.73 x 0.57 in),61.4 g or 61.8 g (black) (2.15 oz),"Sapphire crystal front, ceramic/sapphire crystal back, titanium frame",eSIM,"IP6X certified 
100m water resistant (WR100)
40m swimproof/diving (EN13319)
MIL-STD 810H certified
ECG certified (region dependent SW application; HW available on all models)","Retina LTPO OLED, 3000 nits (peak)",1.92 inches,502 x 410 pixels (~338 ppi density),Sapphire crystal glass,Always-on display,"watchOS 10, upgradable to watchOS 11",Apple S9,Dual-core,PowerVR,No,64GB,No,,,,,,,No,"Wi-Fi 802.11 b/g/n, dual-band","5.3, A2DP, LE","GPS (L1+L5), GLONASS, GALILEO, BDS",Yes,No,No,"Accelerometer, gyro, heart rate, barometer, always-on altimeter (-500m to 9000m), compass, SpO2, VO2max, temperature (body), temperature (water)","Li-Ion 564 mAh, non-removable","Wireless, 0-80% in 60 min (advertised)",,"Titanium, Black","A2986, A2987, Watch7,5",0.88 W/kg (head)     ,0.22 W/kg (head)     ,$ 149.99 / € 867.00,,,,
15,Apple Watch Series 9,True,True,True,False,"2023, September 12","Available. Released 2023, September 22",45 x 38 x 10.7 mm (1.77 x 1.50 x 0.42 in),"42.3 g (41mm), 51.5 g (45mm) (1.48 oz)","Glass front, ceramic/sapphire crystal back, stainless steel frame",eSIM,"IP6X certified
50m water resistant
ECG certified (region dependent SW application; HW available on all models)","Retina LTPO OLED, 2000 nits (peak)",1.9 inches,484 x 396 pixels (~326 ppi density),Sapphire crystal glass,Always-on display,"watchOS 10, upgradable to watchOS 11",Apple S9,Dual-core,PowerVR,No,64GB,No,,,,,,,No,"Wi-Fi 802.11 b/g/n, dual-band","5.3, A2DP, LE","GPS, GLONASS, GALILEO, QZSS, BDS",Yes,No,No,"Accelerometer, gyro, heart rate, barometer, always-on altimeter, compass, SpO2, VO2max, temperature (body)","Li-Ion 308 mAh, non-removable","Wireless, 0-80% in 45 min (advertised)",,"Graphite, Silver, Gold, Red","A2982, A2984, A2983, A2985, Watch7,3, Watch7,4",1.02 W/kg (head)     ,0.64 W/kg (head)     ,$ 698.00 / € 912.40,,,,
16,Apple Watch Series 9 Aluminum,True,True,True,False,"2023, September 12","Available. Released 2023, September 22",45 x 38 x 10.7 mm (1.77 x 1.50 x 0.42 in),"31.9 g (41mm), 38.7 g (45mm) (1.13 oz)","Glass front, ceramic/sapphire crystal back, aluminum frame",eSIM,"IP6X certified
50m water resistant
ECG certified (region dependent SW application; HW available on all models)","Retina LTPO OLED, 2000 nits (peak)",1.9 inches,484 x 396 pixels (~326 ppi density),Ion-X strengthened glass,Always-on display,"watchOS 10, upgradable to watchOS 11",Apple S9,Dual-core,PowerVR,No,64GB,No,,,,,,,No,"Wi-Fi 802.11 b/g/n, dual-band","5.3, A2DP, LE","GPS, GLONASS, GALILEO, QZSS, BDS",Yes,No,No,"Accelerometer, gyro, heart rate, barometer, always-on altimeter, compass, SpO2, VO2max, temperature (body)","Li-Ion 308 mAh, non-removable","Wireless, 0-80% in 45 min (advertised)",,"Midnight, Starlight, Silver, Pink, Red","A2982, A2984, A2983, A2985, Watch7,1, Watch7,2, Watch7,3, Watch7,4",1.02 W/kg (head)     ,0.64 W/kg (head)     ,€ 340.30,,,,
17,Apple iPad Pro 12.9 (2022),True,True,True,True,"2022, October 18","Available. Released 2022, October 26",280.6 x 214.9 x 6.4 mm (11.05 x 8.46 x 0.25 in),"682 g (Wi-Fi), 685 g (5G) (1.50 lb)","Glass front, aluminum back, aluminum frame",Nano-SIM and eSIM,Stylus support (Bluetooth integration; magnetic),"Liquid Retina XDR mini-LED LCD, 120Hz, HDR10, Dolby Vision, 1000 nits (typ), 1600 nits (peak)","12.9 inches, 515.3 cm2 (~85.4% screen-to-body ratio)","2048 x 2732 pixels, 4:3 ratio (~265 ppi density)","Scratch-resistant glass, oleophobic coating",,"iPadOS 16.1, upgradable to iPadOS 18",Apple M2,"Octa-core 3.49 GHz (4 performance cores, 4 efficiency cores)",Apple GPU (10-core graphics),No,"128GB 8GB RAM, 256GB 8GB RAM, 512GB 8GB RAM, 1TB 16GB RAM, 2TB 16GB RAM","12 MP, f/1.8, (wide), 1/3.0"", 1.22µm, dual pixel PDAF
10 MP, f/2.4, 125˚ (ultrawide)
TOF 3D LiDAR scanner (depth)","Quad-LED dual-tone flash, HDR","4K@24/25/30/60fps, 1080p@25/30/60/120/240fps; gyro-EIS, ProRes","12 MP, f/2.4, 122˚ (ultrawide)","Face detection, HDR, panorama","1080p@25/30/60fps, gyro-EIS, HDR",,No,"Wi-Fi 802.11 a/b/g/n/ac/6e, dual-band, hotspot","5.3, A2DP, LE, EDR","GPS, GLONASS, GALILEO, QZSS (Wi‑Fi + Cellular model only)",No,No,"USB Type-C 4 (Thunderbolt 3), DisplayPort, magnetic connector","Face ID, accelerometer, gyro, compass, barometer","Li-Po 10758 mAh (40.88 Wh), non-removable",,,"Silver, Space Gray","A2764, A2437, A2766, A2436, iPad14,5, iPad14,6",,,About 1450 EUR,,,,
18,Apple iPad Pro 11 (2022),True,True,True,True,"2022, October 18","Available. Released 2022, October 26",247.6 x 178.5 x 5.9 mm (9.75 x 7.03 x 0.23 in),"466 g (Wi-Fi), 470 g (5G) (1.03 lb)","Glass front, aluminum back, aluminum frame",Nano-SIM and eSIM,Stylus support (Bluetooth integration; magnetic),"Liquid Retina IPS LCD, 120Hz, HDR10, Dolby Vision, 600 nits (typ)","11.0 inches, 366.5 cm2 (~82.9% screen-to-body ratio)",1668 x 2388 pixels (~265 ppi density),"Scratch-resistant glass, oleophobic coating",,"iPadOS 16.1, upgradable to iPadOS 18",Apple M2,"Octa-core 3.49 GHz (4 performance cores, 4 efficiency cores)",Apple GPU (10-core graphics),No,"128GB 8GB RAM, 256GB 8GB RAM, 512GB 8GB RAM, 1TB 16GB RAM, 2TB 16GB RAM","12 MP, f/1.8, (wide), 1/3.0"", 1.22µm, dual pixel PDAF
10 MP, f/2.4, 125˚ (ultrawide)
TOF 3D LiDAR scanner (depth)","Quad-LED dual-tone flash, HDR","4K@24/25/30/60fps, 1080p@25/30/60/120/240fps; gyro-EIS, ProRes","12 MP, f/2.4, 122˚ (ultrawide)","Face detection, HDR, panorama","1080p@25/30/60fps, gyro-EIS, HDR",,No,"Wi-Fi 802.11 a/b/g/n/ac/6e, dual-band, hotspot","5.3, A2DP, LE, EDR","GPS, GLONASS, GALILEO, QZSS (Wi‑Fi + Cellular model only)",No,No,"USB Type-C 4 (Thunderbolt 3), DisplayPort, magnetic connector","Face ID, accelerometer, gyro, compass, barometer","Li-Po 7538 mAh (28.65 Wh), non-removable",,,"Silver, Space Gray","A2435, A2761, A2762, A2759, iPad8,9, iPad8,10, iPad14,3, iPad14,4",,,About 1050 EUR,,,,
19,Apple iPad (2022),True,True,True,True,"2022, October 18","Available. Released 2022, October 26",248.6 x 179.5 x 7 mm (9.79 x 7.07 x 0.28 in),477 g (Wi-Fi) / 481 g (LTE) (1.05 lb),"Glass front, aluminum back, aluminum frame",Nano-SIM and eSIM,Stylus support (1st gen only),"Liquid Retina IPS LCD, 500 nits (typ)","10.9 inches, 359.2 cm2 (~80.5% screen-to-body ratio)",1640 x 2360 pixels (~264 ppi density),"Scratch-resistant glass, oleophobic coating",,"iPadOS 16.1, upgradable to iPadOS 18",Apple A14 Bionic (5 nm),Hexa-core (2x3.0 GHz Firestorm + 4x1.8 GHz Icestorm),Apple GPU (4-core graphics),No,"64GB 4GB RAM, 256GB 4GB RAM","12 MP, f/1.8, (wide), PDAF","HDR, panorama","4K@24/25/30/60fps, 1080p@25/30/60/120/240fps","12 MP, f/2.4, 122˚ (ultrawide)",HDR,"1080p@25/30/60fps, gyro-EIS",,No,"Wi-Fi 802.11 a/b/g/n/ac/6, dual-band, hotspot","5.2, A2DP, EDR, LE","GPS, GLONASS (Wi‑Fi + Cellular model only)",No,No,"USB Type-C 2.0, DisplayPort; magnetic connector","Fingerprint (top-mounted), accelerometer, gyro, compass, barometer","Li-Po 7606 mAh, non-removable (28.6 Wh)",,,"Silver, Blue, Pink, Yellow","A2757, A2777, A2696, iPad13,18, iPad13,19",,,About 430 EUR,,,,
20,Apple iPhone 14 Pro Max,True,True,True,True,"2022, September 07","Available. Released 2022, September 16",160.7 x 77.6 x 7.9 mm (6.33 x 3.06 x 0.31 in),240 g (8.47 oz),"Glass front (Corning-made glass), glass back (Corning-made glass), stainless steel frame","Nano-SIM and eSIM - International Dual eSIM with multiple numbers - USA Dual SIM (Nano-SIM, dual stand-by) - China","IP68 dust/water resistant (up to 6m for 30 min)
Apple Pay (Visa, MasterCard, AMEX certified)","LTPO Super Retina XDR OLED, 120Hz, HDR10, Dolby Vision, 1000 nits (typ), 2000 nits (HBM)","6.7 inches, 110.2 cm2 (~88.3% screen-to-body ratio)","1290 x 2796 pixels, 19.5:9 ratio (~460 ppi density)",Ceramic Shield glass,Always-On display,"iOS 16, upgradable to iOS 18",Apple A16 Bionic (4 nm),Hexa-core (2x3.46 GHz Everest + 4x2.02 GHz Sawtooth),Apple GPU (5-core graphics),No,"128GB 6GB RAM, 256GB 6GB RAM, 512GB 6GB RAM, 1TB 6GB RAM","48 MP, f/1.8, 24mm (wide), 1/1.28"", 1.22µm, dual pixel PDAF, sensor-shift OIS
12 MP, f/2.8, 77mm (telephoto), 1/3.5"", 1.0µm, PDAF, OIS, 3x optical zoom
12 MP, f/2.2, 13mm, 120˚ (ultrawide), 1/2.55"", 1.4µm, dual pixel PDAF
TOF 3D LiDAR scanner (depth)","Dual-LED dual-tone flash, HDR (photo/panorama)","4K@24/25/30/60fps, 1080p@25/30/60/120/240fps, 10-bit HDR, Dolby Vision HDR (up to 60fps), ProRes, stereo sound rec.","12 MP, f/1.9, 23mm (wide), 1/3.6"", PDAF, OIS
SL 3D, (depth/biometrics sensor)",HDR,"4K@24/25/30/60fps, 1080p@25/30/60/120fps, gyro-EIS",,No,"Wi-Fi 802.11 a/b/g/n/ac/6, dual-band, hotspot","5.3, A2DP, LE","GPS (L1+L5), GLONASS, GALILEO, BDS, QZSS",Yes,No,"Lightning, USB 2.0","Face ID, accelerometer, gyro, proximity, compass, barometer","Li-Ion 4323 mAh, non-removable (16.68 Wh)","Wired, PD2.0, 50% in 30 min (advertised)
15W wireless (MagSafe)
15W wireless (Qi2) - requires iOS 17.2 update",,"Space Black, Silver, Gold, Deep Purple","A2894, A2651, A2893, A2895, iphone15,3",1.15 W/kg (head)     1.07 W/kg (body)     ,0.99 W/kg (head)     0.98 W/kg (body)     ,"$ 665.41 / € 776.59 / £ 623.00 / ₹ 149,900","
AnTuTu: 955884 (v9)
GeekBench: 5423 (v5.1)
GFXBench: 54fps (ES 3.1 onscreen)",Endurance rating 121h,,4.6
21,Apple iPhone 14 Pro,True,True,True,True,"2022, September 07","Available. Released 2022, September 16",147.5 x 71.5 x 7.9 mm (5.81 x 2.81 x 0.31 in),206 g (7.27 oz),"Glass front (Corning-made glass), glass back (Corning-made glass), stainless steel frame","Nano-SIM and eSIM - International Dual eSIM with multiple numbers - USA Dual SIM (Nano-SIM, dual stand-by) - China","IP68 dust/water resistant (up to 6m for 30 min)
Apple Pay (Visa, MasterCard, AMEX certified)","LTPO Super Retina XDR OLED, 120Hz, HDR10, Dolby Vision, 1000 nits (typ), 2000 nits (HBM)","6.1 inches, 91.7 cm2 (~87.0% screen-to-body ratio)","1179 x 2556 pixels, 19.5:9 ratio (~460 ppi density)",Ceramic Shield glass,Always-On display,"iOS 16, upgradable to iOS 18",Apple A16 Bionic (4 nm),Hexa-core (2x3.46 GHz Everest + 4x2.02 GHz Sawtooth),Apple GPU (5-core graphics),No,"128GB 6GB RAM, 256GB 6GB RAM, 512GB 6GB RAM, 1TB 6GB RAM","48 MP, f/1.8, 24mm (wide), 1/1.28"", 1.22µm, dual pixel PDAF, sensor-shift OIS
12 MP, f/2.8, 77mm (telephoto), 1/3.5"", 1.0µm, PDAF, OIS, 3x optical zoom
12 MP, f/2.2, 13mm, 120˚ (ultrawide), 1/2.55"", 1.4µm, dual pixel PDAF
TOF 3D LiDAR scanner (depth)","Dual-LED dual-tone flash, HDR (photo/panorama)","4K@24/25/30/60fps, 1080p@25/30/60/120/240fps, 10-bit HDR, Dolby Vision HDR (up to 60fps), ProRes, stereo sound rec.","12 MP, f/1.9, 23mm (wide), 1/3.6"", PDAF, OIS (unconfirmed)
SL 3D, (depth/biometrics sensor)",HDR,"4K@24/25/30/60fps, 1080p@25/30/60/120fps, gyro-EIS",,No,"Wi-Fi 802.11 a/b/g/n/ac/6, dual-band, hotspot","5.3, A2DP, LE","GPS (L1+L5), GLONASS, GALILEO, BDS, QZSS",Yes,No,"Lightning, USB 2.0","Face ID, accelerometer, gyro, proximity, compass, barometer","Li-Ion 3200 mAh, non-removable (12.38 Wh)","Wired, PD2.0, 50% in 30 min (advertised)
15W wireless (MagSafe)
15W wireless (Qi2) - requires iOS 17.2 update",,"Space Black, Silver, Gold, Deep Purple","A2890, A2650, A2889, A2892, iphone15,2",1.15 W/kg (head)     1.15 W/kg (body)     ,0.98 W/kg (head)     0.98 W/kg (body)     ,"$ 597.65 / € 699.19 / £ 555.15 / ₹ 129,900","
AnTuTu: 968412 (v9)
GeekBench: 5346 (v5.1)
GFXBench: 60fps (ES 3.1 onscreen)",Endurance rating 86h,,4.5
22,Apple iPhone 14 Plus,True,True,True,True,"2022, September 07","Available. Released 2022, October 07",160.8 x 78.1 x 7.8 mm (6.33 x 3.07 x 0.31 in),203 g (7.16 oz),"Glass front (Corning-made glass), glass back (Corning-made glass), aluminum frame","Nano-SIM and eSIM - International Dual eSIM with multiple numbers - USA Dual SIM (Nano-SIM, dual stand-by) - China","IP68 dust/water resistant (up to 6m for 30 min)
Apple Pay (Visa, MasterCard, AMEX certified)","Super Retina XDR OLED, HDR10, Dolby Vision, 800 nits (HBM), 1200 nits (peak)","6.7 inches, 109.8 cm2 (~87.4% screen-to-body ratio)","1284 x 2778 pixels, 19.5:9 ratio (~458 ppi density)",Ceramic Shield glass,,"iOS 16, upgradable to iOS 18",Apple A15 Bionic (5 nm),Hexa-core (2x3.23 GHz Avalanche + 4x1.82 GHz Blizzard),Apple GPU (5-core graphics),No,"128GB 6GB RAM, 256GB 6GB RAM, 512GB 6GB RAM","12 MP, f/1.5, 26mm (wide), 1/1.7"", 1.9µm, dual pixel PDAF, sensor-shift OIS
12 MP, f/2.4, 13mm, 120˚ (ultrawide)","Dual-LED dual-tone flash, HDR (photo/panorama)","4K@24/25/30/60fps, 1080p@25/30/60/120/240fps, HDR, Dolby Vision HDR (up to 60fps), stereo sound rec.","12 MP, f/1.9, 23mm (wide), 1/3.6"", PDAF
SL 3D, (depth/biometrics sensor)",HDR,"4K@24/25/30/60fps, 1080p@25/30/60/120fps, gyro-EIS",,No,"Wi-Fi 802.11 a/b/g/n/ac/6, dual-band, hotspot","5.3, A2DP, LE","GPS, GLONASS, GALILEO, BDS, QZSS",Yes,No,"Lightning, USB 2.0","Face ID, accelerometer, gyro, proximity, compass, barometer","Li-Ion 4323 mAh, non-removable (16.68 Wh)","Wired, PD2.0, 50% in 30 min (advertised)
15W wireless (MagSafe)
15W wireless (Qi2) - requires iOS 17.2 update",,"Midnight, Purple, Starlight, Blue, Red, Yellow","A2886, A2632, A2885, A2896, A2887, iphone14,8",1.14 W/kg (head)     1.15 W/kg (body)     ,0.99 W/kg (head)     0.98 W/kg (body)     ,"$ 419.94 / € 637.85 / £ 408.49 / ₹ 69,900","
AnTuTu: 797976 (v9)
GeekBench: 4582 (v5.1)
GFXBench: 60fps (ES 3.1 onscreen)",Endurance rating 102h,,4.3
23,Apple iPhone 14,True,True,True,True,"2022, September 07","Available. Released 2022, September 16",146.7 x 71.5 x 7.8 mm (5.78 x 2.81 x 0.31 in),172 g (6.07 oz),"Glass front (Corning-made glass), glass back (Corning-made glass), aluminum frame","Nano-SIM and eSIM - International Dual eSIM with multiple numbers - USA Dual SIM (Nano-SIM, dual stand-by) - China","IP68 dust/water resistant (up to 6m for 30 min)
Apple Pay (Visa, MasterCard, AMEX certified)","Super Retina XDR OLED, HDR10, Dolby Vision, 800 nits (HBM), 1200 nits (peak)","6.1 inches, 90.2 cm2 (~86.0% screen-to-body ratio)","1170 x 2532 pixels, 19.5:9 ratio (~460 ppi density)",Ceramic Shield glass,,"iOS 16, upgradable to iOS 18",Apple A15 Bionic (5 nm),Hexa-core (2x3.23 GHz Avalanche + 4x1.82 GHz Blizzard),Apple GPU (5-core graphics),No,"128GB 6GB RAM, 256GB 6GB RAM, 512GB 6GB RAM","12 MP, f/1.5, 26mm (wide), 1/1.7"", 1.9µm, dual pixel PDAF, sensor-shift OIS
12 MP, f/2.4, 13mm, 120˚ (ultrawide)","Dual-LED dual-tone flash, HDR (photo/panorama)","4K@24/25/30/60fps, 1080p@25/30/60/120/240fps, HDR, Dolby Vision HDR (up to 60fps), stereo sound rec.","12 MP, f/1.9, 23mm (wide), 1/3.6"", PDAF
SL 3D, (depth/biometrics sensor)",HDR,"4K@24/25/30/60fps, 1080p@25/30/60/120fps, gyro-EIS",,No,"Wi-Fi 802.11 a/b/g/n/ac/6, dual-band, hotspot","5.3, A2DP, LE","GPS, GLONASS, GALILEO, BDS, QZSS",Yes,No,"Lightning, USB 2.0","Face ID, accelerometer, gyro, proximity, compass, barometer","Li-Ion 3279 mAh, non-removable (12.68 Wh)","Wired, PD2.0, 50% in 30 min (advertised)
15W wireless (MagSafe)
15W wireless (Qi2) - requires iOS 17.2 update",,"Midnight, Purple, Starlight, Blue, Red, Yellow","A2882, A2649, A2881, A2884, A2883, iphone14,7",1.15 W/kg (head)     1.16 W/kg (body)     ,0.98 W/kg (head)     0.98 W/kg (body)     ,"$ 439.08 / € 552.75 / £ 430.00 / ₹ 59,900","
AnTuTu: 817125 (v9)
GeekBench: 4761 (v5.1)
GFXBench: 60fps (ES 3.1 onscreen)",Endurance rating 90h,,4.2
24,Apple Watch Ultra,True,True,True,False,"2022, September 07","Available. Released 2022, September 23",49 x 44 x 14.4 mm (1.93 x 1.73 x 0.57 in),61.3 g (2.15 oz),"Sapphire crystal front, ceramic/sapphire crystal back, titanium frame",eSIM,"IP6X certified 
100m water resistant (WR100)
40m swimproof/diving (EN13319)
MIL-STD 810H certified
ECG certified (region dependent SW application; HW available on all models)","Retina LTPO OLED, 2000 nits (peak)",1.92 inches,502 x 410 pixels (~338 ppi density),Sapphire crystal glass,Always-on display,"watchOS 9.0, upgradable to watchOS 11",Apple S8,Dual-core,PowerVR,No,32GB,No,,,,,,,No,"Wi-Fi 802.11 b/g/n, dual-band","5.3, A2DP, LE","GPS (L1+L5), GLONASS, GALILEO, BDS",Yes,No,No,"Accelerometer, gyro, heart rate, barometer, always-on altimeter, compass, SpO2, VO2max, temperature (body), temperature (water)","Li-Ion 542 mAh, non-removable","Wireless, 0-80% in 60 min (advertised)",,Titanium,"A2684, A2622, A2859, watch6,18",,0.35 W/kg (head)     0.60 W/kg (body)     ,$ 442.00 / € 631.08,,,,
25,Apple Watch Series 8,True,True,True,False,"2022, September 07","Available. Released 2022, September 16",45 x 38 x 10.7 mm (1.77 x 1.50 x 0.42 in),"42.3 g (41mm), 51.5 g (45mm) (1.48 oz)","Glass front, ceramic/sapphire crystal back, stainless steel frame",eSIM,"IP6X certified
50m water resistant
ECG certified (region dependent SW application; HW available on all models)","Retina LTPO OLED, 1000 nits (peak)",1.9 inches,484 x 396 pixels (~326 ppi density),Sapphire crystal glass,Always-on display,"watchOS 9.0, upgradable to watchOS 11",Apple S8,Dual-core,PowerVR,No,32GB 1GB RAM,No,,,,,,,No,"Wi-Fi 802.11 b/g/n, dual-band","5.3, A2DP, LE","GPS, GLONASS, GALILEO, QZSS, BDS",Yes,No,No,"Accelerometer, gyro, heart rate, barometer, always-on altimeter, compass, SpO2, VO2max, temperature (body)","Li-Ion 308 mAh, non-removable","Wireless, 0-80% in 45 min (advertised)",,"Graphite, Silver, Gold","A2773, A2775, A2772, A2774, A2857, A2858, watch6,16, watch6,17",0.31 W/kg (head)     0.55 W/kg (body)     ,0.31 W/kg (head)     0.55 W/kg (body)     ,€ 334.00,,,,
26,,False,False,False,False,,,,,,,,,,,,,,,,,,,,,,,,,,,,,,,,,,,,,,,,,,,,,
27,,False,False,False,False,,,,,,,,,,,,,,,,,,,,,,,,,,,,,,,,,,,,,,,,,,,,,
28,,False,False,False,False,,,,,,,,,,,,,,,,,,,,,,,,,,,,,,,,,,,,,,,,,,,,,
29,,False,False,False,False,,,,,,,,,,,,,,,,,,,,,,,,,,,,,,,,,,,,,,,,,,,,,
30,,False,False,False,False,,,,,,,,,,,,,,,,,,,,,,,,,,,,,,,,,,,,,,,,,,,,,
31,,False,False,False,False,,,,,,,,,,,,,,,,,,,,,,,,,,,,,,,,,,,,,,,,,,,,,
32,,False,False,False,False,,,,,,,,,,,,,,,,,,,,,,,,,,,,,,,,,,,,,,,,,,,,,
33,,False,False,False,False,,,,,,,,,,,,,,,,,,,,,,,,,,,,,,,,,,,,,,,,,,,,,
34,,False,False,False,False,,,,,,,,,,,,,,,,,,,,,,,,,,,,,,,,,,,,,,,,,,,,,
35,,False,False,False,False,,,,,,,,,,,,,,,,,,,,,,,,,,,,,,,,,,,,,,,,,,,,,
36,,False,False,False,False,,,,,,,,,,,,,,,,,,,,,,,,,,,,,,,,,,,,,,,,,,,,,
37,,False,False,False,False,,,,,,,,,,,,,,,,,,,,,,,,,,,,,,,,,,,,,,,,,,,,,
38,,False,False,False,False,,,,,,,,,,,,,,,,,,,,,,,,,,,,,,,,,,,,,,,,,,,,,
39,,False,False,False,False,,,,,,,,,,,,,,,,,,,,,,,,,,,,,,,,,,,,,,,,,,,,,
40,,False,False,False,False,,,,,,,,,,,,,,,,,,,,,,,,,,,,,,,,,,,,,,,,,,,,,
41,,False,False,False,False,,,,,,,,,,,,,,,,,,,,,,,,,,,,,,,,,,,,,,,,,,,,,
42,,False,False,False,False,,,,,,,,,,,,,,,,,,,,,,,,,,,,,,,,,,,,,,,,,,,,,
43,,False,False,False,False,,,,,,,,,,,,,,,,,,,,,,,,,,,,,,,,,,,,,,,,,,,,,
44,,False,False,False,False,,,,,,,,,,,,,,,,,,,,,,,,,,,,,,,,,,,,,,,,,,,,,
45,,False,False,False,False,,,,,,,,,,,,,,,,,,,,,,,,,,,,,,,,,,,,,,,,,,,,,
46,,False,False,False,False,,,,,,,,,,,,,,,,,,,,,,,,,,,,,,,,,,,,,,,,,,,,,
47,,False,False,False,False,,,,,,,,,,,,,,,,,,,,,,,,,,,,,,,,,,,,,,,,,,,,,
48,,False,False,False,False,,,,,,,,,,,,,,,,,,,,,,,,,,,,,,,,,,,,,,,,,,,,,
49,,False,False,False,False,,,,,,,,,,,,,,,,,,,,,,,,,,,,,,,,,,,,,,,,,,,,,
50,,False,False,False,False,,,,,,,,,,,,,,,,,,,,,,,,,,,,,,,,,,,,,,,,,,,,,
51,,False,False,False,False,,,,,,,,,,,,,,,,,,,,,,,,,,,,,,,,,,,,,,,,,,,,,
52,,False,False,False,False,,,,,,,,,,,,,,,,,,,,,,,,,,,,,,,,,,,,,,,,,,,,,
53,,False,False,False,False,,,,,,,,,,,,,,,,,,,,,,,,,,,,,,,,,,,,,,,,,,,,,
54,,False,False,False,False,,,,,,,,,,,,,,,,,,,,,,,,,,,,,,,,,,,,,,,,,,,,,
55,,False,False,False,False,,,,,,,,,,,,,,,,,,,,,,,,,,,,,,,,,,,,,,,,,,,,,
56,,False,False,False,False,,,,,,,,,,,,,,,,,,,,,,,,,,,,,,,,,,,,,,,,,,,,,
57,,False,False,False,False,,,,,,,,,,,,,,,,,,,,,,,,,,,,,,,,,,,,,,,,,,,,,
58,,False,False,False,False,,,,,,,,,,,,,,,,,,,,,,,,,,,,,,,,,,,,,,,,,,,,,
59,,False,False,False,False,,,,,,,,,,,,,,,,,,,,,,,,,,,,,,,,,,,,,,,,,,,,,
60,,False,False,False,False,,,,,,,,,,,,,,,,,,,,,,,,,,,,,,,,,,,,,,,,,,,,,
61,,False,False,False,False,,,,,,,,,,,,,,,,,,,,,,,,,,,,,,,,,,,,,,,,,,,,,
62,,False,False,False,False,,,,,,,,,,,,,,,,,,,,,,,,,,,,,,,,,,,,,,,,,,,,,
63,,False,False,False,False,,,,,,,,,,,,,,,,,,,,,,,,,,,,,,,,,,,,,,,,,,,,,
64,,False,False,False,False,,,,,,,,,,,,,,,,,,,,,,,,,,,,,,,,,,,,,,,,,,,,,
65,,False,False,False,False,,,,,,,,,,,,,,,,,,,,,,,,,,,,,,,,,,,,,,,,,,,,,
66,,False,False,False,False,,,,,,,,,,,,,,,,,,,,,,,,,,,,,,,,,,,,,,,,,,,,,
67,,False,False,False,False,,,,,,,,,,,,,,,,,,,,,,,,,,,,,,,,,,,,,,,,,,,,,
68,,False,False,False,False,,,,,,,,,,,,,,,,,,,,,,,,,,,,,,,,,,,,,,,,,,,,,
69,,False,False,False,False,,,,,,,,,,,,,,,,,,,,,,,,,,,,,,,,,,,,,,,,,,,,,
70,,False,False,False,False,,,,,,,,,,,,,,,,,,,,,,,,,,,,,,,,,,,,,,,,,,,,,
71,,False,False,False,False,,,,,,,,,,,,,,,,,,,,,,,,,,,,,,,,,,,,,,,,,,,,,
72,,False,False,False,False,,,,,,,,,,,,,,,,,,,,,,,,,,,,,,,,,,,,,,,,,,,,,
73,,False,False,False,False,,,,,,,,,,,,,,,,,,,,,,,,,,,,,,,,,,,,,,,,,,,,,
74,,False,False,False,False,,,,,,,,,,,,,,,,,,,,,,,,,,,,,,,,,,,,,,,,,,,,,
75,,False,False,False,False,,,,,,,,,,,,,,,,,,,,,,,,,,,,,,,,,,,,,,,,,,,,,
76,,False,False,False,False,,,,,,,,,,,,,,,,,,,,,,,,,,,,,,,,,,,,,,,,,,,,,
77,,False,False,False,False,,,,,,,,,,,,,,,,,,,,,,,,,,,,,,,,,,,,,,,,,,,,,
78,,False,False,False,False,,,,,,,,,,,,,,,,,,,,,,,,,,,,,,,,,,,,,,,,,,,,,
79,,False,False,False,False,,,,,,,,,,,,,,,,,,,,,,,,,,,,,,,,,,,,,,,,,,,,,
80,,False,False,False,False,,,,,,,,,,,,,,,,,,,,,,,,,,,,,,,,,,,,,,,,,,,,,
81,,False,False,False,False,,,,,,,,,,,,,,,,,,,,,,,,,,,,,,,,,,,,,,,,,,,,,
82,,False,False,False,False,,,,,,,,,,,,,,,,,,,,,,,,,,,,,,,,,,,,,,,,,,,,,
83,,False,False,False,False,,,,,,,,,,,,,,,,,,,,,,,,,,,,,,,,,,,,,,,,,,,,,
84,,False,False,False,False,,,,,,,,,,,,,,,,,,,,,,,,,,,,,,,,,,,,,,,,,,,,,
85,,False,False,False,False,,,,,,,,,,,,,,,,,,,,,,,,,,,,,,,,,,,,,,,,,,,,,
86,,False,False,False,False,,,,,,,,,,,,,,,,,,,,,,,,,,,,,,,,,,,,,,,,,,,,,
87,,False,False,False,False,,,,,,,,,,,,,,,,,,,,,,,,,,,,,,,,,,,,,,,,,,,,,
88,,False,False,False,False,,,,,,,,,,,,,,,,,,,,,,,,,,,,,,,,,,,,,,,,,,,,,
89,,False,False,False,False,,,,,,,,,,,,,,,,,,,,,,,,,,,,,,,,,,,,,,,,,,,,,
90,,False,False,False,False,,,,,,,,,,,,,,,,,,,,,,,,,,,,,,,,,,,,,,,,,,,,,
91,,False,False,False,False,,,,,,,,,,,,,,,,,,,,,,,,,,,,,,,,,,,,,,,,,,,,,
92,,False,False,False,False,,,,,,,,,,,,,,,,,,,,,,,,,,,,,,,,,,,,,,,,,,,,,
93,,False,False,False,False,,,,,,,,,,,,,,,,,,,,,,,,,,,,,,,,,,,,,,,,,,,,,
94,,False,False,False,False,,,,,,,,,,,,,,,,,,,,,,,,,,,,,,,,,,,,,,,,,,,,,
95,,False,False,False,False,,,,,,,,,,,,,,,,,,,,,,,,,,,,,,,,,,,,,,,,,,,,,
96,,False,False,False,False,,,,,,,,,,,,,,,,,,,,,,,,,,,,,,,,,,,,,,,,,,,,,
97,,False,False,False,False,,,,,,,,,,,,,,,,,,,,,,,,,,,,,,,,,,,,,,,,,,,,,
98,,False,False,False,False,,,,,,,,,,,,,,,,,,,,,,,,,,,,,,,,,,,,,,,,,,,,,
99,,False,False,False,False,,,,,,,,,,,,,,,,,,,,,,,,,,,,,,,,,,,,,,,,,,,,,
100,,False,False,False,False,,,,,,,,,,,,,,,,,,,,,,,,,,,,,,,,,,,,,,,,,,,,,
101,,False,False,False,False,,,,,,,,,,,,,,,,,,,,,,,,,,,,,,,,,,,,,,,,,,,,,
102,,False,False,False,False,,,,,,,,,,,,,,,,,,,,,,,,,,,,,,,,,,,,,,,,,,,,,
103,,False,False,False,False,,,,,,,,,,,,,,,,,,,,,,,,,,,,,,,,,,,,,,,,,,,,,
104,,False,False,False,False,,,,,,,,,,,,,,,,,,,,,,,,,,,,,,,,,,,,,,,,,,,,,
105,,False,False,False,False,,,,,,,,,,,,,,,,,,,,,,,,,,,,,,,,,,,,,,,,,,,,,
106,,False,False,False,False,,,,,,,,,,,,,,,,,,,,,,,,,,,,,,,,,,,,,,,,,,,,,
107,,False,False,False,False,,,,,,,,,,,,,,,,,,,,,,,,,,,,,,,,,,,,,,,,,,,,,
108,,False,False,False,False,,,,,,,,,,,,,,,,,,,,,,,,,,,,,,,,,,,,,,,,,,,,,
109,,False,False,False,False,,,,,,,,,,,,,,,,,,,,,,,,,,,,,,,,,,,,,,,,,,,,,
110,,False,False,False,False,,,,,,,,,,,,,,,,,,,,,,,,,,,,,,,,,,,,,,,,,,,,,
111,,False,False,False,False,,,,,,,,,,,,,,,,,,,,,,,,,,,,,,,,,,,,,,,,,,,,,
112,,False,False,False,False,,,,,,,,,,,,,,,,,,,,,,,,,,,,,,,,,,,,,,,,,,,,,
113,,False,False,False,False,,,,,,,,,,,,,,,,,,,,,,,,,,,,,,,,,,,,,,,,,,,,,
114,,False,False,False,False,,,,,,,,,,,,,,,,,,,,,,,,,,,,,,,,,,,,,,,,,,,,,
115,,False,False,False,False,,,,,,,,,,,,,,,,,,,,,,,,,,,,,,,,,,,,,,,,,,,,,
116,,False,False,False,False,,,,,,,,,,,,,,,,,,,,,,,,,,,,,,,,,,,,,,,,,,,,,
117,,False,False,False,False,,,,,,,,,,,,,,,,,,,,,,,,,,,,,,,,,,,,,,,,,,,,,
118,,False,False,False,False,,,,,,,,,,,,,,,,,,,,,,,,,,,,,,,,,,,,,,,,,,,,,
119,,False,False,False,False,,,,,,,,,,,,,,,,,,,,,,,,,,,,,,,,,,,,,,,,,,,,,
120,,False,False,False,False,,,,,,,,,,,,,,,,,,,,,,,,,,,,,,,,,,,,,,,,,,,,,
121,,False,False,False,False,,,,,,,,,,,,,,,,,,,,,,,,,,,,,,,,,,,,,,,,,,,,,
122,,False,False,False,False,,,,,,,,,,,,,,,,,,,,,,,,,,,,,,,,,,,,,,,,,,,,,
123,,False,False,False,False,,,,,,,,,,,,,,,,,,,,,,,,,,,,,,,,,,,,,,,,,,,,,
124,,False,False,False,False,,,,,,,,,,,,,,,,,,,,,,,,,,,,,,,,,,,,,,,,,,,,,
125,,False,False,False,False,,,,,,,,,,,,,,,,,,,,,,,,,,,,,,,,,,,,,,,,,,,,,
126,,False,False,False,False,,,,,,,,,,,,,,,,,,,,,,,,,,,,,,,,,,,,,,,,,,,,,
127,,False,False,False,False,,,,,,,,,,,,,,,,,,,,,,,,,,,,,,,,,,,,,,,,,,,,,
128,,False,False,False,False,,,,,,,,,,,,,,,,,,,,,,,,,,,,,,,,,,,,,,,,,,,,,
129,,False,False,False,False,,,,,,,,,,,,,,,,,,,,,,,,,,,,,,,,,,,,,,,,,,,,,
130,,False,False,False,False,,,,,,,,,,,,,,,,,,,,,,,,,,,,,,,,,,,,,,,,,,,,,
131,,False,False,False,False,,,,,,,,,,,,,,,,,,,,,,,,,,,,,,,,,,,,,,,,,,,,,
132,,False,False,False,False,,,,,,,,,,,,,,,,,,,,,,,,,,,,,,,,,,,,,,,,,,,,,
133,,False,False,False,False,,,,,,,,,,,,,,,,,,,,,,,,,,,,,,,,,,,,,,,,,,,,,
134,,False,False,False,False,,,,,,,,,,,,,,,,,,,,,,,,,,,,,,,,,,,,,,,,,,,,,
135,,False,False,False,False,,,,,,,,,,,,,,,,,,,,,,,,,,,,,,,,,,,,,,,,,,,,,
136,,False,False,False,False,,,,,,,,,,,,,,,,,,,,,,,,,,,,,,,,,,,,,,,,,,,,,
137,,False,False,False,False,,,,,,,,,,,,,,,,,,,,,,,,,,,,,,,,,,,,,,,,,,,,,
138,,False,False,False,False,,,,,,,,,,,,,,,,,,,,,,,,,,,,,,,,,,,,,,,,,,,,,
139,,False,False,False,False,,,,,,,,,,,,,,,,,,,,,,,,,,,,,,,,,,,,,,,,,,,,,
140,,False,False,False,False,,,,,,,,,,,,,,,,,,,,,,,,,,,,,,,,,,,,,,,,,,,,,
141,,False,False,False,False,,,,,,,,,,,,,,,,,,,,,,,,,,,,,,,,,,,,,,,,,,,,,
142,,False,False,False,False,,,,,,,,,,,,,,,,,,,,,,,,,,,,,,,,,,,,,,,,,,,,,
143,,False,False,False,False,,,,,,,,,,,,,,,,,,,,,,,,,,,,,,,,,,,,,,,,,,,,,
144,,False,False,False,False,,,,,,,,,,,,,,,,,,,,,,,,,,,,,,,,,,,,,,,,,,,,,
145,,False,False,False,False,,,,,,,,,,,,,,,,,,,,,,,,,,,,,,,,,,,,,,,,,,,,,
146,,False,False,False,False,,,,,,,,,,,,,,,,,,,,,,,,,,,,,,,,,,,,,,,,,,,,,
147,,False,False,False,False,,,,,,,,,,,,,,,,,,,,,,,,,,,,,,,,,,,,,,,,,,,,,
148,,False,False,False,False,,,,,,,,,,,,,,,,,,,,,,,,,,,,,,,,,,,,,,,,,,,,,
149,,False,False,False,False,,,,,,,,,,,,,,,,,,,,,,,,,,,,,,,,,,,,,,,,,,,,,
150,,False,False,False,False,,,,,,,,,,,,,,,,,,,,,,,,,,,,,,,,,,,,,,,,,,,,,
151,,False,False,False,False,,,,,,,,,,,,,,,,,,,,,,,,,,,,,,,,,,,,,,,,,,,,,
152,,False,False,False,False,,,,,,,,,,,,,,,,,,,,,,,,,,,,,,,,,,,,,,,,,,,,,
153,,False,False,False,False,,,,,,,,,,,,,,,,,,,,,,,,,,,,,,,,,,,,,,,,,,,,,
154,,False,False,False,False,,,,,,,,,,,,,,,,,,,,,,,,,,,,,,,,,,,,,,,,,,,,,
155,,False,False,False,False,,,,,,,,,,,,,,,,,,,,,,,,,,,,,,,,,,,,,,,,,,,,,
156,,False,False,False,False,,,,,,,,,,,,,,,,,,,,,,,,,,,,,,,,,,,,,,,,,,,,,
157,,False,False,False,False,,,,,,,,,,,,,,,,,,,,,,,,,,,,,,,,,,,,,,,,,,,,,
158,,False,False,False,False,,,,,,,,,,,,,,,,,,,,,,,,,,,,,,,,,,,,,,,,,,,,,
159,,False,False,False,False,,,,,,,,,,,,,,,,,,,,,,,,,,,,,,,,,,,,,,,,,,,,,
160,,False,False,False,False,,,,,,,,,,,,,,,,,,,,,,,,,,,,,,,,,,,,,,,,,,,,,
161,,False,False,False,False,,,,,,,,,,,,,,,,,,,,,,,,,,,,,,,,,,,,,,,,,,,,,
162,,False,False,False,False,,,,,,,,,,,,,,,,,,,,,,,,,,,,,,,,,,,,,,,,,,,,,
163,,False,False,False,False,,,,,,,,,,,,,,,,,,,,,,,,,,,,,,,,,,,,,,,,,,,,,
164,,False,False,False,False,,,,,,,,,,,,,,,,,,,,,,,,,,,,,,,,,,,,,,,,,,,,,
165,,False,False,False,False,,,,,,,,,,,,,,,,,,,,,,,,,,,,,,,,,,,,,,,,,,,,,
166,,False,False,False,False,,,,,,,,,,,,,,,,,,,,,,,,,,,,,,,,,,,,,,,,,,,,,
167,Samsung Galaxy F34,True,True,True,True,"2023, August 07","Available. Released 2023, August 12",161.7 x 77.2 x 8.8 mm (6.37 x 3.04 x 0.35 in),208 g (7.34 oz),,"Hybrid Dual SIM (Nano-SIM, dual stand-by)",,"Super AMOLED, 120Hz, 1000 nits (peak)","6.5 inches, 103.7 cm2 (~83.1% screen-to-body ratio)","1080 x 2340 pixels, 19.5:9 ratio (~396 ppi density)",Corning Gorilla Glass 5,,"Android 13, One UI 5.1",Exynos 1280 (5 nm),Octa-core (2x2.4 GHz Cortex-A78 & 6x2.0 GHz Cortex-A55),Mali-G68,microSDXC (uses shared SIM slot),"128GB 6GB RAM, 128GB 8GB RAM","50 MP, f/1.8, (wide), PDAF, OIS
8 MP, f/2.2, 120˚ (ultrawide)
2 MP, f/2.4","LED flash, panorama, HDR","4K@30fps, 1080p@30fps","13 MP, f/2.2, (wide)",,1080p@30fps,,Yes,"Wi-Fi 802.11 a/b/g/n/ac, dual-band, Wi-Fi Direct","5.3, A2DP, LE","GPS, GLONASS, GALILEO, BDS, QZSS",Yes,Unspecified,"USB Type-C 2.0, OTG","Fingerprint (side-mounted), accelerometer, gyro, compass","Li-Po 6000 mAh, non-removable",25W wired,,"Electric Black, Mystic Green","SM-E346B, SM-E346B/DS",0.89 W/kg (head)     ,,"₹ 16,780",,,,
168,Samsung Galaxy Z Fold5,True,True,True,True,"2023, July 26","Available. Released 2023, August 11",Unfolded: 154.9 x 129.9 x 6.1 mmFolded: 154.9 x 67.1 x 13.4 mm,253 g (8.92 oz),"Glass front (Gorilla Glass Victus 2) (folded), plastic front (unfolded), glass back (Gorilla Glass Victus 2), aluminum frame","Nano-SIM and eSIM or Dual SIM (2 Nano-SIMs and eSIM, dual stand-by)","IPX8 water resistant (up to 1.5m for 30 min)
Armor aluminum frame with tougher drop and scratch resistance (advertised)
Stylus support","Foldable Dynamic AMOLED 2X, 120Hz, HDR10+","7.6 inches, 183.2 cm2 (~91.1% screen-to-body ratio)",1812 x 2176 pixels (~373 ppi density),,"Cover display:
Dynamic AMOLED 2X, 120Hz, Corning Gorilla Glass Victus 2
6.2 inches, 904 x 2316 pixels, 23.1:9 ratio","Android 13, up to 4 major Android upgrades, One UI 6.1.1",Qualcomm SM8550-AC Snapdragon 8 Gen 2 (4 nm),Octa-core (1x3.36 GHz Cortex-X3 & 2x2.8 GHz Cortex-A715 & 2x2.8 GHz Cortex-A710 & 3x2.0 GHz Cortex-A510),Adreno 740,No,"256GB 12GB RAM, 512GB 12GB RAM, 1TB 12GB RAM","50 MP, f/1.8, 23mm (wide), 1.0µm, dual pixel PDAF, OIS
10 MP, f/2.4, (telephoto), PDAF, OIS, 3x optical zoom
12 MP, f/2.2, 123˚, 12mm (ultrawide), 1.12µm","LED flash, HDR, panorama","8K@30fps, 4K@60fps, 1080p@60/240fps (gyro-EIS), 720p@960fps (gyro-EIS), HDR10+","4 MP, f/1.8, 26mm (wide), 2.0µm, under display
Cover camera:
10 MP, f/2.2, 24mm (wide), 1/3"", 1.22µm",HDR,"4K@30/60fps, 1080p@30/60fps, gyro-EIS",,No,"Wi-Fi 802.11 a/b/g/n/ac/6e, tri-band, Wi-Fi Direct","5.3, A2DP, LE, aptX HD","GPS, GLONASS, GALILEO, BDS",Yes,No,"USB Type-C 3.2, OTG","Fingerprint (side-mounted), accelerometer, gyro, proximity, compass, barometer","Li-Po 4400 mAh, non-removable","25W wired, 50% in 30 min (advertised)
15W wireless
4.5W reverse wireless",,"Icy Blue, Phantom Black, Cream, Gray, Blue","SM-F946B, SM-F946B/DS, SM-F946U, SM-F946U1, SM-F946N, SM-F946W, SM-F9460",1.16 W/kg (head)     ,1.24 W/kg (head)     1.19 W/kg (body)     ,"$ 880.00 / € 899.94 / £ 656.00 / ₹ 139,999","
AnTuTu: 1250358 (v9), 1519358 (v10)
GeekBench: 4824 (v5.5), 5396 (v6.0)
GFXBench: 65fps (ES 3.1 onscreen)",Endurance rating 95h,,4.6
169,Samsung Galaxy Z Flip5,True,True,True,True,"2023, July 26","Available. Released 2023, August 11",Unfolded: 165.1 x 71.9 x 6.9 mmFolded: 85.1 x 71.9 x 15.1 mm,187 g (6.60 oz),"Plastic front (unfolded), glass back (Gorilla Glass Victus 2), aluminum frame",Nano-SIM and eSIM,"IPX8 water resistant (up to 1.5m for 30 min)
Armor aluminum frame with tougher drop and scratch resistance (advertised)","Foldable Dynamic AMOLED 2X, 120Hz, HDR10+, 1750 nits (peak)","6.7 inches, 102.0 cm2 (~85.9% screen-to-body ratio)",1080 x 2640 pixels (~425 ppi density),,"Cover display:
Super AMOLED, 60Hz, 3.4 inches, 720 x 748 pixels (Gorilla Glass Victus 2), 306 ppi","Android 13, upgradable to Android 14, One UI 6.1.1",Qualcomm SM8550-AC Snapdragon 8 Gen 2 (4 nm),Octa-core (1x3.36 GHz Cortex-X3 & 2x2.8 GHz Cortex-A715 & 2x2.8 GHz Cortex-A710 & 3x2.0 GHz Cortex-A510),Adreno 740,No,"256GB 8GB RAM, 512GB 8GB RAM","12 MP, f/1.8, 24mm (wide), 1/1.76"", 1.8µm, dual pixel PDAF, OIS
12 MP, f/2.2, 123˚ (ultrawide), 1.12µm","LED flash, HDR, panorama","4K@30/60fps, 1080p@60/240fps, 720p@960fps, HDR10+","10 MP, f/2.2, 23mm (wide), 1.22µm",HDR,4K@30fps,,No,"Wi-Fi 802.11 a/b/g/n/ac/6e, tri-band, Wi-Fi Direct","5.3, A2DP, LE","GPS, GLONASS, GALILEO, BDS",Yes,No,"USB Type-C 3.2, OTG","Fingerprint (side-mounted), accelerometer, gyro, proximity, compass, barometer","Li-Po 3700 mAh, non-removable","25W wired, 50% in 30 min (advertised)
15W wireless
4.5W reverse wireless",,"Mint, Graphite, Cream, Lavender, Gray, Blue, Green, Yellow","SM-F731B, SM-F731B/DS, SM-F731U, SM-F731U1, SM-F731W, SM-F731N",1.17 W/kg (head)     ,0.60 W/kg (head)     1.45 W/kg (body)     ,"$ 449.99 / € 472.85 / £ 397.50 / ₹ 57,699","
AnTuTu: 1200783 (v9), 1507319 (v10)
GeekBench: 5478 (v5.5), 4984 (v6.0)
GFXBench: 91fps (ES 3.1 onscreen)",Endurance rating 87h,,4.3
170,Samsung Galaxy Tab S9 Ultra,True,True,True,True,"2023, July 26","Available. Released 2023, August 11",326.4 x 208.6 x 5.5 mm (12.85 x 8.21 x 0.22 in),732 g (1.61 lb),"Glass front, aluminum frame, aluminum back","Nano-SIM, eSIM","IP68 dust/water resistant (up to 1.5m for 30 min)
Stylus, 2.8ms latency (Bluetooth integration, accelerometer, gyro)","Dynamic AMOLED 2X, 120Hz, HDR10+","14.6 inches, 617.8 cm2 (~90.7% screen-to-body ratio)","1848 x 2960 pixels, 16:10 ratio (~239 ppi density)",Corning Gorilla Glass,,"Android 13, up to 4 major Android upgrades, One UI 6",Qualcomm SM8550-AC Snapdragon 8 Gen 2 (4 nm),Octa-core (1x3.36 GHz Cortex-X3 & 2x2.8 GHz Cortex-A715 & 2x2.8 GHz Cortex-A710 & 3x2.0 GHz Cortex-A510),Adreno 740,microSDXC (dedicated slot),"256GB 12GB RAM, 512GB 12GB RAM, 1TB 12GB RAM, 1TB 16GB RAM","13 MP, f/2.0, 26mm (wide), 1/3.4"", 1.0µm, AF
8 MP, f/2.2, (ultrawide)","LED flash, HDR, panorama","4K@30fps, 1080p@30fps","12 MP, f/2.2, 26mm (wide)
12 MP, f/2.4, 120˚ (ultrawide)",HDR,"4K@30fps, 1080p@30fps",,No,"Wi-Fi 802.11 a/b/g/n/ac/6e, tri-band, Wi-Fi Direct","5.3, A2DP, LE","GPS, GLONASS, BDS, GALILEO",No,No,"USB Type-C 3.2, magnetic connector","Fingerprint (under display, optical), accelerometer, gyro, proximity, compass","Li-Po 11200 mAh, non-removable",45W wired,,"Beige, Graphite","SM-X910, SM-X916B, SM-X918U",,0.93 W/kg (body)     ,About 1200 EUR,"
AnTuTu: 1199328 (v9), 1533645 (v10)
GeekBench: 4835 (v5.5), 5415 (v6.0)
GFXBench: 58fps (ES 3.1 onscreen)",,,4.6
171,Samsung Galaxy Tab S9+,True,True,True,True,"2023, July 26","Available. Released 2023, August 11",285.4 x 185.4 x 5.7 mm (11.24 x 7.30 x 0.22 in),586 g (581 g Wi-Fi) (1.29 lb),"Glass front, aluminum frame, aluminum back","Nano-SIM, eSIM","IP68 dust/water resistant (up to 1.5m for 30 min)
Stylus, 2.8ms latency (Bluetooth integration, accelerometer, gyro)","Dynamic AMOLED 2X, 120Hz, HDR10+","12.4 inches, 446.1 cm2 (~84.3% screen-to-body ratio)","1752 x 2800 pixels, 16:10 ratio (~266 ppi density)",Corning Gorilla Glass,,"Android 13, up to 4 major Android upgrades, One UI 6",Qualcomm SM8550-AC Snapdragon 8 Gen 2 (4 nm),Octa-core (1x3.36 GHz Cortex-X3 & 2x2.8 GHz Cortex-A715 & 2x2.8 GHz Cortex-A710 & 3x2.0 GHz Cortex-A510),Adreno 740,microSDXC (dedicated slot),"256GB 12GB RAM, 512GB 12GB RAM","13 MP, f/2.0, 26mm (wide), 1/3.4"", 1.0µm, AF
8 MP, f/2.2, (ultrawide)","LED flash, HDR, panorama","4K@30fps, 1080p@30fps","12 MP, f/2.4, 120˚ (ultrawide)",HDR,"4K@30fps, 1080p@30fps",,No,"Wi-Fi 802.11 a/b/g/n/ac/6e, tri-band, Wi-Fi Direct","5.3, A2DP, LE","GPS, GLONASS, BDS, GALILEO",No,No,"USB Type-C 3.2, magnetic connector","Fingerprint (under display, optical), accelerometer, gyro, proximity, compass","Li-Po 10090 mAh, non-removable",45W wired,,"Beige, Graphite","SM-X810, SM-X816B",,1.35 W/kg (body)     ,About 1000 EUR,,,,
172,Samsung Galaxy Tab S9,True,True,True,True,"2023, July 26","Available. Released 2023, August 11",254.3 x 165.8 x 5.9 mm (10.01 x 6.53 x 0.23 in),498 g (1.10 lb),"Glass front, aluminum frame, aluminum back","Nano-SIM, eSIM","IP68 dust/water resistant (up to 1.5m for 30 min)
Stylus, 2.8ms latency (Bluetooth integration, accelerometer, gyro)","Dynamic AMOLED 2X, 120Hz, HDR10+","11.0 inches, 350.9 cm2 (~83.2% screen-to-body ratio)","1600 x 2560 pixels, 16:10 ratio (~274 ppi density)",Corning Gorilla Glass,,"Android 13, up to 4 major Android upgrades, One UI 6",Qualcomm SM8550-AC Snapdragon 8 Gen 2 (4 nm),Octa-core (1x3.36 GHz Cortex-X3 & 2x2.8 GHz Cortex-A715 & 2x2.8 GHz Cortex-A710 & 3x2.0 GHz Cortex-A510),Adreno 740,microSDXC (dedicated slot),"128GB 8GB RAM, 256GB 8GB RAM, 256GB 12GB RAM","13 MP, f/2.0, 26mm (wide), 1/3.4"", 1.0µm, AF","LED flash, HDR, panorama","4K@30fps, 1080p@30fps","12 MP, f/2.4, 120˚ (ultrawide)",HDR,"4K@30fps, 1080p@30fps",,No,"Wi-Fi 802.11 a/b/g/n/ac/6e, tri-band, Wi-Fi Direct","5.3, A2DP, LE","GPS, GLONASS, BDS, GALILEO",No,No,"USB Type-C 3.2, magnetic connector","Fingerprint (under display, optical), accelerometer, gyro, proximity, compass","Li-Po 8400 mAh, non-removable",45W wired,,"Beige, Graphite","SM-X710, SM-X716B",,0.66 W/kg (body)     ,About 750 EUR,,,,
173,Samsung Galaxy Watch6 Classic,True,True,True,False,"2023, July 26","Available. Released 2023, August 11",46.5 x 46.5 x 10.9 mm (1.83 x 1.83 x 0.43 in),"59 g (47mm), 52 g (43mm) (2.08 oz)","Sapphire crystal front, stainless steel frame",eSIM,"MIL-STD-810H compliant*
50m water resistant (IP68)
ECG certified
Blood pressure monitor
Compatible with standard 20mm straps
*does not guarantee ruggedness or use in extreme conditions",Super AMOLED,1.5 inches,480 x 480 pixels (~453 ppi density),Sapphire crystal,Always-on display,"Android Wear OS 4, One UI Watch 5",Exynos W930 (5 nm),Dual-core 1.4 GHz Cortex-A55,Mali-G68,No,16GB 2GB RAM,No,,,,,,,No,"Wi-Fi 802.11 a/b/g/n, dual-band","5.3, A2DP, LE","GPS, GLONASS, GALILEO, BDS",Yes,No,No,"Accelerometer, gyro, heart rate, barometer, altimeter, compass, SpO2, temperature (skin)","Li-Ion 425 mAh, non-removable",10W wireless (Qi),,"Black, Silver",,,,$ 208.94 / € 222.00,,,,4.1
174,Samsung Galaxy Watch6,True,True,True,False,"2023, July 26","Available. Released 2023, August 11",42.8 x 44.4 x 9 mm (1.69 x 1.75 x 0.35 in),"33.3 g (44mm), 28.7 g (40mm) (1.02 oz)","Glass front (Sapphire crystal), aluminum frame",eSIM,"MIL-STD-810H compliant*
50m water resistant (IP68)
Compatible with standard 20mm straps
ECG certified
Blood pressure monitor
*does not guarantee ruggedness or use in extreme conditions",Super AMOLED,1.5 inches,480 x 480 pixels (~327 ppi density),Sapphire crystal,Always-on display,"Android Wear OS 4, One UI Watch 5",Exynos W930 (5 nm),Dual-core 1.4GHz Cortex-A55,Mali-G68,No,16GB 2GB RAM,No,,,,,,,No,"Wi-Fi 802.11 a/b/g/n, dual-band","5.3, A2DP, LE","GPS, GLONASS, GALILEO, BDS",Yes,No,No,"Accelerometer, gyro, heart rate, barometer, altimeter, compass, SpO2, temperature (skin)","Li-Ion 425 mAh, non-removable",10W wireless,,"Graphite, Silver, Gold",,,,€ 215.40 / £ 299.00,,,,
175,Samsung Galaxy M34 5G,True,True,True,True,"2023, July 03","Available. Released 2023, July 15",161.7 x 77.2 x 8.8 mm (6.37 x 3.04 x 0.35 in),208 g (7.34 oz),,"Hybrid Dual SIM (Nano-SIM, dual stand-by)",,"Super AMOLED, 120Hz, 1000 nits (peak)","6.5 inches, 103.7 cm2 (~83.1% screen-to-body ratio)","1080 x 2340 pixels, 19.5:9 ratio (~396 ppi density)",Corning Gorilla Glass 5,,"Android 13, upgradable to Android 14, One UI 6",Exynos 1280 (5 nm),Octa-core (2x2.4 GHz Cortex-A78 & 6x2.0 GHz Cortex-A55),Mali-G68,microSDXC (uses shared SIM slot),"128GB 6GB RAM, 128GB 8GB RAM, 256GB 8GB RAM","50 MP, f/1.8, (wide), PDAF, OIS
8 MP, f/2.2, 120˚ (ultrawide)
2 MP, f/2.4","LED flash, panorama, HDR","4K@30fps, 1080p@30fps","13 MP, f/2.2, (wide)",,1080p@30fps,,Yes,"Wi-Fi 802.11 a/b/g/n/ac, dual-band, Wi-Fi Direct","5.3, A2DP, LE","GPS, GLONASS, GALILEO, BDS",Yes,FM radio,"USB Type-C 2.0, OTG","Fingerprint (side-mounted), accelerometer, gyro, compass","Li-Po 6000 mAh, non-removable",25W wired,,"Midnight Blue, Prism Silver, Waterfall Blue","SM-M346B, SM-M346B/DS, SM-M346B1, SM-M346B1/DS",0.89 W/kg (head)     ,,"₹ 15,999",,,,
176,Samsung Galaxy F54,True,True,True,True,"2023, June 06","Available. Released 2023, June 13",164.9 x 77.3 x 8.4 mm (6.49 x 3.04 x 0.33 in),199 g (7.02 oz),"Glass front, plastic back, plastic frame","Hybrid Dual SIM (Nano-SIM, dual stand-by)",,"Super AMOLED Plus, 120Hz","6.7 inches, 108.4 cm2 (~85.0% screen-to-body ratio)","1080 x 2400 pixels, 20:9 ratio (~393 ppi density)",,,"Android 13, up to 4 major Android upgrades, One UI 5.1",Exynos 1380 (5 nm),Octa-core (4x2.4 GHz Cortex-A78 & 4x2.0 GHz Cortex-A55),Mali-G68 MP5,microSDXC (uses shared SIM slot),256GB 8GB RAM,"108 MP, f/1.8, (wide), PDAF, OIS
8 MP, f/2.2, (ultrawide), 1/4.0"", 1.12µm
2 MP, f/2.4, (macro)","LED flash, panorama, HDR","4K@30fps, 1080p@30/60fps","32 MP, f/2.2, 26mm (wide), 1/2.8"", 0.8µm",,"4K@30fps, 1080p@30fps",,No,"Wi-Fi 802.11 a/b/g/n/ac/6, dual-band, Wi-Fi Direct","5.3, A2DP, LE","GPS, GLONASS, GALILEO, BDS, QZSS, NavIC",Yes,No,"USB Type-C 2.0, OTG","Fingerprint (side-mounted), accelerometer, gyro, proximity, compass","Li-Po 6000 mAh, non-removable",Unspecified charging speed,,"Meteor Blue, Stardust Silver","SM-E546B, SM-E546B/DS",1.25 W/kg (head)     ,,"₹ 23,438",,,,
177,Samsung Galaxy A24 4G,True,True,True,False,"2023, April 19","Available. Released 2023, May 05",162.1 x 77.6 x 8.3 mm (6.38 x 3.06 x 0.33 in),195 g (6.88 oz),"Glass front, plastic frame, plastic back","Single SIM (Nano-SIM) or Dual SIM (Nano-SIM, dual stand-by)",,"Super AMOLED, 90Hz, 1000 nits (peak)","6.5 inches, 103.7 cm2 (~82.4% screen-to-body ratio)","1080 x 2340 pixels, 19.5:9 ratio (~396 ppi density)",,Always-on display,"Android 13, up to 4 major Android upgrades, One UI 6",Mediatek Helio G99 (6 nm),Octa-core (2x2.2 GHz Cortex-A76 & 6x2.0 GHz Cortex-A55),Mali-G57 MC2,microSDXC (dedicated slot),"128GB 4GB RAM, 128GB 6GB RAM, 128GB 8GB RAM","50 MP, f/1.8, 27mm (wide), 1/2.76"", 0.64µm, PDAF, OIS
5 MP, f/2.2, 17mm, 123˚ (ultrawide), 1/5.0"", 1.12µm
2 MP, f/2.4, (macro)","LED flash, panorama, HDR","1080p@30fps, gyro-EIS","13 MP, f/2.2, 25mm (wide), 1/3.06"", 1.12µm",,1080p@30fps,,Yes,"Wi-Fi 802.11 a/b/g/n/ac, dual-band, Wi-Fi Direct","5.3, A2DP, LE","GPS, GLONASS, GALILEO, BDS, QZSS",Yes (market/region dependent),Unspecified,USB Type-C 2.0,"Fingerprint (side-mounted), accelerometer, gyro, compass","Li-Po 5000 mAh, non-removable",25W wired,,"Black, Lime Green, Blue gradient, Dark red","SM-A245F, SM-A245F/DS, SM-A245F/DSN, SM-A245M, SM-A245M/DS, SM-A245N",,0.41 W/kg (head)     1.30 W/kg (body)     ,About 180 EUR,"
AnTuTu: 398005 (v9)
GeekBench: 1890 (v5.5), 1900 (v6.0)
GFXBench: 12fps (ES 3.1 onscreen)",Endurance rating 141h,,3.6
178,Samsung Galaxy F14,True,True,True,True,"2023, March 24","Available. Released 2023, March 30",166.8 x 77.2 x 9.4 mm (6.57 x 3.04 x 0.37 in),206 g (7.27 oz),"Glass front (Gorilla Glass 5), plastic back, plastic frame","Dual SIM (Nano-SIM, dual stand-by)",,"PLS LCD, 90Hz","6.6 inches, 104.9 cm2 (~81.5% screen-to-body ratio)","1080 x 2408 pixels, 20:9 ratio (~400 ppi density)",Corning Gorilla Glass 5,,"Android 13, One UI Core 5.1",Exynos 1330 (5 nm),Octa-core (2x2.4 GHz Cortex-A78 & 6x2.0 GHz Cortex-A55),Mali-G68 MP2,microSDXC (dedicated slot),"64GB 4GB RAM, 128GB 4GB RAM, 128GB 6GB RAM","50 MP, f/1.8, (wide), PDAF
2 MP, f/2.4, (macro)","LED flash, panorama, HDR",1080p@30fps,"13 MP, f/2.0, (wide)",,1080p@30fps,,Yes,"Wi-Fi 802.11 a/b/g/n/ac, dual-band, Wi-Fi Direct","5.2, A2DP, LE","GPS, GLONASS, GALILEO, BDS, QZSS, NavIC",No,"FM radio, recording",USB Type-C 2.0,"Fingerprint (side-mounted), accelerometer, gyro, proximity, compass","Li-Po 6000 mAh, non-removable",25W wired,,"Black, Green, Purple","SM-E146B, SM-E146B/DS",0.69 W/kg (head)     ,,"₹ 12,999",,,,
179,Samsung Galaxy M54,True,True,True,True,"2023, March 22","Available. Released 2023, April 11",164.9 x 77.3 x 8.4 mm (6.49 x 3.04 x 0.33 in),199 g (7.02 oz),"Glass front (Gorilla Glass 5), plastic back, plastic frame","Hybrid Dual SIM (Nano-SIM, dual stand-by)",,"Super AMOLED Plus, 120Hz","6.7 inches, 108.4 cm2 (~85.0% screen-to-body ratio)","1080 x 2400 pixels, 20:9 ratio (~393 ppi density)",Corning Gorilla Glass 5,,"Android 13, One UI 5.1",Exynos 1380 (5 nm),Octa-core (4x2.4 GHz Cortex-A78 & 4x2.0 GHz Cortex-A55),Mali-G68 MP5,microSDXC (uses shared SIM slot),"128GB 8GB RAM, 256GB 8GB RAM","108 MP, f/1.8, (wide), PDAF, OIS
8 MP, f/2.2, (ultrawide), 1/4.0"", 1.12µm
2 MP, f/2.4, (macro)","LED flash, panorama, HDR","4K@30fps, 1080p@30/60fps","32 MP, f/2.2, 26mm (wide), 1/2.8"", 0.8µm",,"4K@30fps, 1080p@30fps",,No,"Wi-Fi 802.11 a/b/g/n/ac/6, dual-band, Wi-Fi Direct","5.3, A2DP, LE","GPS, GLONASS, GALILEO, BDS, QZSS, NavIC",Yes (market/region dependent),No,"USB Type-C 2.0, OTG","Fingerprint (side-mounted), accelerometer, gyro, proximity, compass","Li-Po 6000 mAh, non-removable",25W wired,,"Dark Blue, Silver","SM-M546B, SM-M546B/DS",,0.49 W/kg (head)     1.20 W/kg (body)     ,About 190 EUR,,,,
180,Samsung Galaxy A54,True,True,True,True,"2023, March 15","Available. Released 2023, March 24",158.2 x 76.7 x 8.2 mm (6.23 x 3.02 x 0.32 in),202 g (7.13 oz),"Glass front (Gorilla Glass 5), glass back (Gorilla Glass 5), plastic frame","Single SIM (Nano-SIM, eSIM) or Hybrid Dual SIM (Nano-SIM, dual stand-by)",IP67 dust/water resistant (up to 1m for 30 min),"Super AMOLED, 120Hz, HDR10+, 1000 nits (HBM)","6.4 inches, 100.5 cm2 (~82.9% screen-to-body ratio)","1080 x 2340 pixels, 19.5:9 ratio (~403 ppi density)",Corning Gorilla Glass 5,Always-on display,"Android 13, up to 4 major Android upgrades, One UI 6.1",Exynos 1380 (5 nm),Octa-core (4x2.4 GHz Cortex-A78 & 4x2.0 GHz Cortex-A55),Mali-G68 MP5,microSDXC (uses shared SIM slot),"128GB 4GB RAM, 128GB 6GB RAM, 128GB 8GB RAM, 256GB 6GB RAM, 256GB 8GB RAM","50 MP, f/1.8, (wide), 1/1.56"", 1.0µm, PDAF, OIS
12 MP, f/2.2, 123˚ (ultrawide), 1.12µm
5 MP, f/2.4, (macro)","LED flash, panorama, HDR","4K@30fps, 1080p@30/60fps, 720p@480fps, gyro-EIS","32 MP, f/2.2, 26mm (wide), 1/2.8"", 0.8µm",,"4K@30fps, 1080p@30/60fps",,No,"Wi-Fi 802.11 a/b/g/n/ac/6, dual-band, Wi-Fi Direct","5.3, A2DP, LE","GPS, GLONASS, GALILEO, BDS",Yes (market/region dependent),No,"USB Type-C 2.0, OTG","Fingerprint (under display, optical), accelerometer, gyro, compass, barometer (USA only)","5000 mAh, non-removable",25W wired,,"Lime, Graphite, Violet, White","SM-A546V, SM-A546U, SM-A546U1, SM-A546B, SM-A546B/DS, SM-A546E, SM-A546E/DS, SM-A5460, SM-A546M, SM-A546M/DS",0.81 W/kg (head)     0.67 W/kg (body)     ,0.69 W/kg (head)     1.34 W/kg (body)     ,"$ 178.00 / € 298.27 / £ 177.85 / ₹ 24,288","
AnTuTu: 506678 (v9)
GeekBench: 2703 (v5.1), 2797 (v6)
GFXBench: 25fps (ES 3.1 onscreen)",Endurance rating 119h,,4.3
181,Samsung Galaxy A34,True,True,True,True,"2023, March 14","Available. Released 2023, March 24",161.3 x 78.1 x 8.2 mm (6.35 x 3.07 x 0.32 in),199 g (7.02 oz),"Glass front (Gorilla Glass 5), plastic frame, plastic back","Single SIM (Nano-SIM) or Hybrid Dual SIM (Nano-SIM, dual stand-by)",IP67 dust/water resistant (up to 1m for 30 min),"Super AMOLED, 120Hz, 1000 nits (HBM)","6.6 inches, 106.9 cm2 (~84.9% screen-to-body ratio)","1080 x 2340 pixels, 19.5:9 ratio (~390 ppi density)",Corning Gorilla Glass 5,Always-on display,"Android 13, up to 4 major Android upgrades, One UI 6.1",Mediatek Dimensity 1080 (6 nm),Octa-core (2x2.6 GHz Cortex-A78 & 6x2.0 GHz Cortex-A55),Mali-G68 MC4,microSDXC (uses shared SIM slot),"128GB 4GB RAM, 128GB 6GB RAM, 128GB 8GB RAM, 256GB 6GB RAM, 256GB 8GB RAM","48 MP, f/1.8, 26mm (wide), 1/2.0"", 0.8µm, PDAF, OIS
8 MP, f/2.2, 123˚, (ultrawide), 1/4.0"", 1.12µm
5 MP, f/2.4, (macro)","LED flash, panorama, HDR","4K@30fps, 1080p@30/60fps, 720p@480fps","13 MP, f/2.2, (wide), 1/3.1"", 1.12µm",,"4K@30fps, 1080p@30fps",,No,"Wi-Fi 802.11 a/b/g/n/ac, dual-band, Wi-Fi Direct","5.3, A2DP, LE","GPS, GLONASS, GALILEO, BDS",Yes (market/region dependent),No,"USB Type-C 2.0, OTG","Fingerprint (under display, optical), accelerometer, gyro, compass","Li-Ion 5000 mAh, non-removable",25W wired,,"Lime, Graphite, Violet, Silver","SM-A346E, SM-A346B, SM-A346B/DS, SM-A346B/DSN, SM-A346E/DS, SM-A346E/DSN, SM-A346M, SM-A346M/N, SM-A346M/DSN, SM-A3460",,0.55 W/kg (head)     1.49 W/kg (body)     ,"$ 245.00 / € 193.77 / £ 159.00 / ₹ 19,389","
AnTuTu: 472126 (v9)
GeekBench: 2316 (v5.5), 2518 (v6) 
GFXBench: 23fps (ES 3.1 onscreen)",Endurance rating 133h,,4.3
182,Samsung Galaxy M14,True,True,True,True,"2023, March 08","Available. Released 2023, March 08",166.8 x 77.2 x 9.4 mm (6.57 x 3.04 x 0.37 in),206 g (7.27 oz),"Glass front (Gorilla Glass 5), plastic back, plastic frame","Single SIM (Nano-SIM) or Dual SIM (Nano-SIM, dual stand-by)",,"PLS LCD, 90Hz","6.6 inches, 104.9 cm2 (~81.5% screen-to-body ratio)","1080 x 2408 pixels, 20:9 ratio (~400 ppi density)",Corning Gorilla Glass 5,,"Android 13, One UI core 5.1",Exynos 1330 (5 nm),Octa-core (2x2.4 GHz Cortex-A78 & 6x2.0 GHz Cortex-A55),Mali-G68 MP2,microSDHC (dedicated slot),"64GB 4GB RAM, 128GB 4GB RAM, 128GB 6GB RAM","50 MP, f/1.8, (wide), PDAF
2 MP, f/2.4, (macro)
2 MP, f/2.4, (depth)","LED flash, panorama, HDR",1080p@30fps,"13 MP, f/2.0, (wide)",,1080p@30fps,,Yes,"Wi-Fi 802.11 a/b/g/n/ac, dual-band, Wi-Fi Direct","5.2, A2DP, LE","GPS, GLONASS, GALILEO, BDS, QZSS, NavIC",Yes,Unspecified,USB Type-C 2.0,"Fingerprint (side-mounted), accelerometer, gyro, proximity, compass","Li-Po 6000 mAh, non-removable","15W wired - international
25W wired - India",,"Navy Blue, Light Blue, Silver","SM-M146B, SM-M146B/DS, SM-M146B/DSN",,0.48 W/kg (head)     1.53 W/kg (body)     ,"₹ 7,489",,,,
183,Samsung Galaxy S23 Ultra,True,True,True,True,"2023, February 01","Available. Released 2023, February 17",163.4 x 78.1 x 8.9 mm (6.43 x 3.07 x 0.35 in),234 g (8.25 oz),"Glass front (Gorilla Glass Victus 2), glass back (Gorilla Glass Victus 2), aluminum frame","Nano-SIM and eSIM or Dual SIM (2 Nano-SIMs and eSIM, dual stand-by)","IP68 dust/water resistant (up to 1.5m for 30 min)
Armor aluminum frame with tougher drop and scratch resistance (advertised)
Stylus (Bluetooth integration, accelerometer, gyro)","Dynamic AMOLED 2X, 120Hz, HDR10+, 1200 nits (HBM), 1750 nits (peak)","6.8 inches, 114.7 cm2 (~89.9% screen-to-body ratio)","1440 x 3088 pixels, 19.3:9 ratio (~500 ppi density)",Corning Gorilla Glass Victus 2,Always-on display,"Android 13, up to 4 major Android upgrades, One UI 6.1.1",Qualcomm SM8550-AC Snapdragon 8 Gen 2 (4 nm),Octa-core (1x3.36 GHz Cortex-X3 & 2x2.8 GHz Cortex-A715 & 2x2.8 GHz Cortex-A710 & 3x2.0 GHz Cortex-A510),Adreno 740,No,"256GB 8GB RAM, 256GB 12GB RAM, 512GB 12GB RAM, 1TB 12GB RAM","200 MP, f/1.7, 24mm (wide), 1/1.3"", 0.6µm, multi-directional PDAF, OIS
10 MP, f/2.4, 70mm (telephoto), 1/3.52"", 1.12µm, PDAF, OIS, 3x optical zoom
10 MP, f/4.9, 230mm (periscope telephoto), 1/3.52"", 1.12µm, PDAF, OIS, 10x optical zoom
12 MP, f/2.2, 13mm, 120˚ (ultrawide), 1/2.55"", 1.4µm, dual pixel PDAF, Super Steady video","Laser AF, LED flash, auto-HDR, panorama","8K@24/30fps, 4K@30/60fps, 1080p@30/60/240fps, 1080p@960fps, HDR10+, stereo sound rec., gyro-EIS","12 MP, f/2.2, 26mm (wide), dual pixel PDAF","HDR, HDR10+","4K@30/60fps, 1080p@30fps",,No,"Wi-Fi 802.11 a/b/g/n/ac/6e, tri-band, Wi-Fi Direct","5.3, A2DP, LE","GPS, GALILEO, GLONASS, BDS, QZSS",Yes,No,"USB Type-C 3.2, OTG","Fingerprint (under display, ultrasonic), accelerometer, gyro, proximity, compass, barometer","Li-Ion 5000 mAh, non-removable","45W wired, PD3.0, 65% in 30 min (advertised)
15W wireless (Qi/PMA)
4.5W reverse wireless",,"Phantom Black, Green, Cream, Lavender, Graphite, Sky Blue, Lime, Red, BMW M Edition","SM-S918B, SM-S918B/DS, SM-S918U, SM-S918U1, SM-S918W, SM-S918N, SM-S9180, SM-S918E, SM-S918E/DS",1.12 W/kg (head)     0.92 W/kg (body)     ,0.96 W/kg (head)     1.40 W/kg (body)     ,"$ 643.04 / € 725.25 / £ 565.75 / ₹ 75,999","
AnTuTu: 1241531 (v9)
GeekBench: 4927 (v5.1)
3DMark Wild Life: 12240 (offscreen 1440p)",Endurance rating 126h,,4.7
184,Samsung Galaxy S23+,True,True,True,True,"2023, February 01","Available. Released 2023, February 17",157.8 x 76.2 x 7.6 mm (6.21 x 3.00 x 0.30 in),196 g (6.91 oz),"Glass front (Gorilla Glass Victus 2), glass back (Gorilla Glass Victus 2), aluminum frame","Nano-SIM and eSIM or Dual SIM (2 Nano-SIMs and eSIM, dual stand-by)","IP68 dust/water resistant (up to 1.5m for 30 min)
Armor aluminum frame with tougher drop and scratch resistance (advertised)","Dynamic AMOLED 2X, 120Hz, HDR10+, 1200 nits (HBM), 1750 nits (peak)","6.6 inches, 105.3 cm2 (~87.6% screen-to-body ratio)","1080 x 2340 pixels, 19.5:9 ratio (~393 ppi density)",Corning Gorilla Glass Victus 2,Always-on display,"Android 13, up to 4 major Android upgrades, One UI 6.1.1",Qualcomm SM8550-AC Snapdragon 8 Gen 2 (4 nm),Octa-core (1x3.36 GHz Cortex-X3 & 2x2.8 GHz Cortex-A715 & 2x2.8 GHz Cortex-A710 & 3x2.0 GHz Cortex-A510),Adreno 740,No,"256GB 8GB RAM, 512GB 8GB RAM","50 MP, f/1.8, 24mm (wide), 1/1.56"", 1.0µm, dual pixel PDAF, OIS
10 MP, f/2.4, 70mm (telephoto), 1/3.94"", 1.0µm, PDAF, OIS, 3x optical zoom
12 MP, f/2.2, 13mm, 120˚ (ultrawide), 1/2.55"" 1.4µm, Super Steady video","LED flash, auto-HDR, panorama","8K@24/30fps, 4K@30/60fps, 1080p@30/60/240fps, 1080p@960fps, HDR10+, stereo sound rec., gyro-EIS","12 MP, f/2.2, 26mm (wide), dual pixel PDAF","HDR, HDR10+","4K@30/60fps, 1080p@30fps",,No,"Wi-Fi 802.11 a/b/g/n/ac/6e, tri-band, Wi-Fi Direct","5.3, A2DP, LE","GPS, GLONASS, BDS, GALILEO",Yes,No,"USB Type-C 3.2, OTG","Fingerprint (under display, ultrasonic), accelerometer, gyro, proximity, compass, barometer","Li-Ion 4700 mAh, non-removable","45W wired, PD3.0, 65% in 30 min (advertised)
15W wireless (Qi/PMA)
4.5W reverse wireless",,"Phantom Black, Cream, Green, Lavender, Graphite, Lime","SM-S916B, SM-S916B/DS, SM-S916U, SM-S916U1, SM-S916W, SM-S916N, SM-S9160, SM-S916E, SM-S916E/DS",0.95 W/kg (head)     1.04 W/kg (body)     ,0.77 W/kg (head)     1.45 W/kg (body)     ,"$ 469.66 / € 620.99 / £ 532.80 / ₹ 73,999","
AnTuTu: 1234077 (v9)
GeekBench: 5073 (v5.1)
GFXBench: 110fps (ES 3.1 onscreen)",Endurance rating 111h,,4.5
185,Samsung Galaxy S23,True,True,True,True,"2023, February 01","Available. Released 2023, February 17",146.3 x 70.9 x 7.6 mm (5.76 x 2.79 x 0.30 in),168 g (5.93 oz),"Glass front (Gorilla Glass Victus 2), glass back (Gorilla Glass Victus 2), aluminum frame","Nano-SIM and eSIM or Dual SIM (2 Nano-SIMs and eSIM, dual stand-by)","IP68 dust/water resistant (up to 1.5m for 30 min)
Armor aluminum frame with tougher drop and scratch resistance (advertised)","Dynamic AMOLED 2X, 120Hz, HDR10+, 1200 nits (HBM), 1750 nits (peak)","6.1 inches, 90.1 cm2 (~86.8% screen-to-body ratio)","1080 x 2340 pixels, 19.5:9 ratio (~425 ppi density)",Corning Gorilla Glass Victus 2,Always-on display,"Android 13, up to 4 major Android upgrades, One UI 6.1.1",Qualcomm SM8550-AC Snapdragon 8 Gen 2 (4 nm),Octa-core (1x3.36 GHz Cortex-X3 & 2x2.8 GHz Cortex-A715 & 2x2.8 GHz Cortex-A710 & 3x2.0 GHz Cortex-A510),Adreno 740,No,"128GB 8GB RAM, 256GB 8GB RAM, 512GB 8GB RAM","50 MP, f/1.8, 24mm (wide), 1/1.56"", 1.0µm, dual pixel PDAF, OIS
10 MP, f/2.4, 70mm (telephoto), 1/3.94"", 1.0µm, PDAF, OIS, 3x optical zoom
12 MP, f/2.2, 13mm, 120˚ (ultrawide), 1/2.55"" 1.4µm, Super Steady video","LED flash, auto-HDR, panorama","8K@24/30fps, 4K@30/60fps, 1080p@30/60/240fps, 1080p@960fps, HDR10+, stereo sound rec., gyro-EIS","12 MP, f/2.2, 26mm (wide), dual pixel PDAF","HDR, HDR10+","4K@30/60fps, 1080p@30fps",,No,"Wi-Fi 802.11 a/b/g/n/ac/6e, tri-band, Wi-Fi Direct","5.3, A2DP, LE","GPS, GLONASS, BDS, GALILEO",Yes,No,"USB Type-C 3.2, OTG","Fingerprint (under display, ultrasonic), accelerometer, gyro, proximity, compass, barometer","Li-Ion 3900 mAh, non-removable","25W wired, PD3.0, 50% in 30 min (advertised)
15W wireless (Qi/PMA)
4.5W reverse wireless",,"Phantom Black, Cream, Green, Lavender, Graphite, Lime","SM-S911B, SM-S911B/DS, SM-S911U, SM-S911U1, SM-S911W, SM-S911N, SM-S9110, SM-S911E, SM-S911E/DS",0.95 W/kg (head)     0.88 W/kg (body)     ,0.96 W/kg (head)     1.30 W/kg (body)     ,"$ 354.90 / € 496.00 / £ 298.00 / ₹ 39,999","
AnTuTu: 1231075 (v9)
GeekBench: 4950 (v5.1)
GFXBench: 110fps (ES 3.1 onscreen)",Endurance rating 101h,,4.5
186,Samsung Galaxy A14,True,True,True,False,"2023, February 28","Available. Released 2023, March 27",167.7 x 78 x 9.1 mm (6.60 x 3.07 x 0.36 in),201 g (7.09 oz),"Glass front, plastic back, plastic frame","Single SIM (Nano-SIM) or Dual SIM (Nano-SIM, dual stand-by)",,PLS LCD,"6.6 inches, 104.9 cm2 (~80.2% screen-to-body ratio)","1080 x 2408 pixels, 20:9 ratio (~400 ppi density)",,,"Android 13, One UI Core 5",Mediatek MT6769 Helio G80 (12 nm) - Version AExynos 850 (8 nm) - Version B,Octa-core (2x2.0 GHz Cortex-A75 & 6x1.8 GHz Cortex-A55) - Version AOcta-core (4x2.0 GHz Cortex-A55 & 4x2.0 GHz Cortex-A55) - Version B,Mali-G52 MC2,microSDXC (dedicated slot),"64GB 4GB RAM, 128GB 4GB RAM, 128GB 6GB RAM","50 MP, f/1.8, (wide), PDAF
5 MP, f/2.2, (ultrawide)
2 MP, f/2.4, (macro)","LED flash, panorama, HDR",1080p@30fps,"13 MP, f/2.0, (wide)",,1080p@30fps,,Yes,"Wi-Fi 802.11 a/b/g/n/ac, dual-band, Wi-Fi Direct","5.1 or 5.3, A2DP, LE","GPS, GALILEO, GLONASS, BDS, QZSS",Yes (market/region dependent),Unspecified,USB Type-C 2.0,"Fingerprint (side-mounted), accelerometer, proximity, compass","Li-Po 5000 mAh, non-removable",15W wired,,"Black, Dark Red, Silver, Green","SM-A145F, SM-A145F/DSN, SM-A145M, SM-A145M/DS, SM-A145P, SM-A145R",,0.46 W/kg (head)     1.37 W/kg (body)     ,$ 121.00 / € 86.00 / £ 98.49,,,,
187,Samsung Galaxy A14 5G,True,True,True,True,"2023, January 04","Available. Released 2023, January 12",167.7 x 78 x 9.1 mm (6.60 x 3.07 x 0.36 in),202 g (7.13 oz),"Glass front, plastic back, plastic frame","Single SIM (Nano-SIM) or Dual SIM (Nano-SIM, dual stand-by)",,"PLS LCD, 90Hz","6.6 inches, 104.9 cm2 (~80.2% screen-to-body ratio)","1080 x 2408 pixels, 20:9 ratio (~400 ppi density)",,,"Android 13, upgradable to Android 14, One UI Core 6",Exynos 1330 (5 nm) - SM-A146BMediatek Dimensity 700 (7 nm) - SM-A146P,Octa-core (2x2.4 GHz Cortex-A78 & 6x2.0 GHz Cortex-A55) - SM-A146BOcta-core (2x2.2 GHz Cortex-A76 & 6x2.0 GHz Cortex-A55) - SM-A146P,Mali-G68 MP2 - SM-A146BMali-G57 MC2 - SM-A146P,microSDXC (uses shared SIM slot) - USA onlymicroSDXC (dedicated slot) - International,"64GB 4GB RAM, 128GB 4GB RAM, 128GB 6GB RAM, 128GB 8GB RAM","50 MP, f/1.8, (wide), PDAF
2 MP, f/2.4, (macro)
2 MP, f/2.4, (depth)","LED flash, panorama, HDR",1080p@30fps,"13 MP, f/2.0, (wide)",,1080p@30fps,,Yes,"Wi-Fi 802.11 a/b/g/n/ac, dual-band, Wi-Fi Direct","5.2, A2DP, LE","GPS, GLONASS, GALILEO",Yes,"FM radio (Exynos 1330 chipset only), recording",USB Type-C 2.0,"Fingerprint (side-mounted), accelerometer, gyro, proximity, compass, barometer (USA only)","Li-Po 5000 mAh, non-removable",15W wired,,"Black, Light Green, Dark Red, Silver","SM-A146B, SM-A146B/DS, SM-A146P, SM-A146P/DS, SM-A146U, SM-A146U1, SM-A146U1/DS, SM-A146W, SM-A146P/N, SM-A146P/DSN, SM-S146VL, SM-A146M",1.00 W/kg (head)     1.00 W/kg (body)     ,0.56 W/kg (head)     1.28 W/kg (body)     ,"$ 59.95 / € 139.00 / £ 92.00 / ₹ 12,999","
AnTuTu: 307886 (v9)
GeekBench: 1727 (v5.1)
GFXBench: 12fps (ES 3.1 onscreen)",Endurance rating 130h,,3.6
188,Samsung Galaxy F04,True,True,True,False,"2023, January 04","Available. Released 2023, January 12",164.2 x 75.9 x 9.1 mm (6.46 x 2.99 x 0.36 in),188 g (6.63 oz),"Glass front, plastic back, plastic frame","Dual SIM (Nano-SIM, dual stand-by)",,PLS LCD,"6.5 inches, 102.0 cm2 (~81.8% screen-to-body ratio)","720 x 1600 pixels, 20:9 ratio (~270 ppi density)",,,"Android 12, One UI",Mediatek MT6765 Helio P35 (12 nm),Octa-core (4x2.35 GHz Cortex-A53 & 4x1.8 GHz Cortex-A53),PowerVR GE8320,microSDXC (dedicated slot),64GB 4GB RAM,"13 MP, f/2.2, (wide), AF
2 MP, f/2.4, (depth)",LED flash,1080p@30fps,"5 MP, f/2.2",,Yes,,Yes,"Wi-Fi 802.11 b/g/n, Wi-Fi Direct","5.0, A2DP, LE","GPS, GLONASS, GALILEO, BDS",No,Unspecified,USB Type-C 2.0,"Accelerometer, proximity","Li-Po 5000 mAh, non-removable",15W wired,,"Jade Purple, Opal Green","SM-E045F, SM-E045F/DS",0.38 W/kg (head)     ,,"₹ 7,499",,,,
189,Samsung Galaxy M04,True,True,True,False,"2022, December 10","Available. Released 2022, December 16",164.2 x 75.9 x 9.1 mm (6.46 x 2.99 x 0.36 in),188 g (6.63 oz),"Glass front, plastic back, plastic frame","Single SIM (Nano-SIM) or Dual SIM (Nano-SIM, dual stand-by)",,PLS LCD,"6.5 inches, 102.0 cm2 (~81.8% screen-to-body ratio)","720 x 1600 pixels, 20:9 ratio (~270 ppi density)",,,"Android 12, One UI Core 4.1",Mediatek MT6765 Helio P35 (12 nm),Octa-core (4x2.35 GHz Cortex-A53 & 4x1.8 GHz Cortex-A53),PowerVR GE8320,microSDXC (dedicated slot),"64GB 4GB RAM, 128GB 4GB RAM","13 MP, f/2.2, (wide), AF
2 MP, f/2.4, (depth)",LED flash,1080p@30fps,"5 MP, f/2.2",,Yes,,Yes,"Wi-Fi 802.11 b/g/n, Wi-Fi Direct","5.0, A2DP, LE","GPS, GLONASS, GALILEO, BDS",No,Unspecified,USB Type-C 2.0,"Accelerometer, proximity","Li-Po 5000 mAh, non-removable",15W wired,,"Sea Glass Green, Shadow Blue","SM-M045F, SM-M045F/DS",0.38 W/kg (head)     ,0.29 W/kg (head)     1.11 W/kg (body)     ,"₹ 7,699",,,,
190,Samsung Galaxy Tab A7 10.4 (2022),True,True,True,False,"2022, November 18","Available. Released 2022, November 21",247.6 x 157.4 x 7 mm (9.75 x 6.20 x 0.28 in),477 g (1.05 lb),,Nano-SIM,,TFT LCD,"10.4 inches, 307.9 cm2 (~79.0% screen-to-body ratio)","1200 x 2000 pixels, 5:3 ratio (~224 ppi density)",,,"Android 12, One UI 4",Unisoc UMS512 T618 (12 nm),Octa-core (2x2.0 GHz Cortex-A75 & 6x1.8 GHz Cortex-A55),Mali G52 MP2,microSDXC,"32GB 3GB RAM, 32GB 4GB RAM, 64GB 3GB RAM","8 MP, AF",,1080p@30fps,5 MP,,1080p@30fps,,Yes,"Wi-Fi 802.11 a/b/g/n/ac, dual-band, Wi-Fi Direct","5.0, A2DP, LE","GPS, GLONASS, BDS, GALILEO",No,No,USB Type-C 2.0,"Accelerometer, gyro, proximity, compass","Li-Po 7040 mAh, non-removable",15W wired,,"Dark Gray, Silver, Gold",SM-T509,,1.54 W/kg (body)     ,About 250 EUR,,,,
191,Samsung Galaxy A04e,True,True,True,False,"2022, October 21","Available. Released 2022, November 07",164.2 x 75.9 x 9.1 mm (6.46 x 2.99 x 0.36 in),188 g (6.63 oz),"Glass front, plastic back, plastic frame","Single SIM (Nano-SIM) or Dual SIM (Nano-SIM, dual stand-by)",,PLS LCD,"6.5 inches, 102.0 cm2 (~81.8% screen-to-body ratio)","720 x 1600 pixels, 20:9 ratio (~270 ppi density)",,,"Android 12, One UI Core 4.1",Mediatek MT6765 Helio P35 (12 nm),Octa-core (4x2.3 GHz Cortex-A53 & 4x1.8 GHz Cortex-A53),PowerVR GE8320,microSDXC (dedicated slot),"32GB 3GB RAM, 32GB 4GB RAM, 64GB 2GB RAM, 64GB 3GB RAM, 64GB 4GB RAM, 128GB 4GB RAM","13 MP, f/2.2, (wide), AF
2 MP, f/2.4, (depth)",LED flash,1080p@30fps,"5 MP, f/2.2",,Yes,,Yes,"Wi-Fi 802.11 b/g/n, Wi-Fi Direct","5.0, A2DP, LE","GPS, GLONASS, GALILEO, BDS",No,Unspecified,"USB Type-C 2.0, OTG","Accelerometer, proximity","Li-Po 5000 mAh, non-removable",,,"Black, Copper, Light Blue","SM-A042F, SM-A042F/DS, SM-A042M, SM-A042M/DS",,0.29 W/kg (head)     1.11 W/kg (body)     ,"$ 83.00 / € 105.33 / £ 74.99 / ₹ 7,499",,,,
192,Samsung Galaxy Tab Active4 Pro,True,True,True,True,"2022, August 31","Available. Released 2022, September 13",242.9 x 170.2 x 10.2 mm (9.56 x 6.70 x 0.40 in),674 g (1.49 lb),,"Single SIM (Nano-SIM) or Hybrid Dual SIM (Nano-SIM, dual stand-by)","Stylus
IP68 dust/water resistant (up to 1.5m for 30 min)
Drop-to-concrete resistance from up to 1 meter
MIL-STD-810H compliant",TFT LCD,"10.1 inches, 295.8 cm2 (~71.5% screen-to-body ratio)","1920 x 1200 pixels, 16:10 ratio (~224 ppi density)",Corning Gorilla Glass 5,,"Android 12, upgradable to Android 13",Qualcomm SM7325 Snapdragon 778G 5G (6 nm),Octa-core (1x2.4 GHz Cortex-A78 & 3x2.2 GHz Cortex-A78 & 4x1.8 GHz Cortex-A55),Adreno 642L,microSDXC (uses shared SIM slot),"64GB 4GB RAM, 128GB 6GB RAM","13 MP, f/1.9, AF","LED flash, HDR, panorama","4K@30fps, 1080p@30fps","8 MP, f/2.0",,1080p@30fps,,Yes,"Wi-Fi 802.11 a/b/g/n/ac/6, dual-band, Wi-Fi Direct","5.2, A2DP, LE","GPS, GLONASS, BDS, GALILEO, QZSS",Yes,No,"USB Type-C 3.2, charging/accessories connector pins","Fingerprint (front-mounted), accelerometer, gyro, proximity, compass","Li-Po 7600 mAh, removable",,,Black,SM-T636B,,1.12 W/kg (body)     ,About 830 EUR,,,,
193,Samsung Galaxy A04s,True,True,True,False,"2022, August 31","Available. Released 2022, September 22",164.7 x 76.7 x 9.1 mm (6.48 x 3.02 x 0.36 in),195 g (6.88 oz),"Glass front, plastic back, plastic frame","Dual SIM (Nano-SIM, dual stand-by)",,"PLS LCD, 90Hz, 400 nits (peak)","6.5 inches, 102.0 cm2 (~80.7% screen-to-body ratio)","720 x 1600 pixels, 20:9 ratio (~270 ppi density)",,,"Android 12, upgradable to Android 14, One UI 6.1",Exynos 850 (8 nm),Octa-core (4x2.0 GHz Cortex-A55 & 4x2.0 GHz Cortex-A55),Mali-G52,microSDXC (dedicated slot),"32GB 3GB RAM, 32GB 4GB RAM, 64GB 4GB RAM, 128GB 4GB RAM","50 MP, f/1.8, (wide), PDAF
2 MP, f/2.4, (macro)
2 MP, f/2.4, (depth)","LED flash, panorama, HDR",1080p@30fps,"5 MP, f/2.2, (wide)",,720p@30fps,,Yes,"Wi-Fi 802.11 a/b/g/n/ac, dual-band, Wi-Fi Direct","5.0, A2DP, LE","GPS, GLONASS, BDS, GALILEO, QZSS",Yes (market/region dependent),No,USB Type-C 2.0,"Fingerprint (side-mounted), accelerometer","Li-Po 5000 mAh, non-removable",15W wired,,"Black, Green, White, Copper","SM-A047F, SM-A047F/DS, SM-A047F/DSN, SM-A047M",,0.52 W/kg (head)     1.23 W/kg (body)     ,"$ 119.99 / € 116.15 / £ 78.94 / ₹ 14,499","
AnTuTu: 145123(v9)
GeekBench: 1100 (v5.1)
GFXBench: 11fps (ES 3.1 onscreen)",Endurance rating 114h,,2.6
194,Samsung Galaxy A04,True,True,True,False,"2022, August 24","Available. Released 2022, October 10",164.4 x 76.3 x 9.1 mm (6.47 x 3.00 x 0.36 in),192 g (6.77 oz),"Glass front, plastic back, plastic frame","Single SIM (Nano-SIM) or Dual SIM (Nano-SIM, dual stand-by)",,PLS LCD,"6.5 inches, 102.0 cm2 (~81.3% screen-to-body ratio)","720 x 1600 pixels, 20:9 ratio (~270 ppi density)",,,"Android 12, upgradable to Android 13, One UI Core 5.0",Mediatek MT6765 Helio P35 (12 nm),Octa-core (4x2.3 GHz Cortex-A53 & 4x1.8 GHz Cortex-A53),PowerVR GE8320,microSDXC (dedicated slot),"32GB 3GB RAM, 32GB 4GB RAM, 64GB 3GB RAM, 64GB 4GB RAM, 64GB 6GB RAM, 128GB 4GB RAM, 128GB 8GB RAM","50 MP, f/1.8, (wide), AF
2 MP, f/2.4, (depth)",LED flash,1080p@30fps,"5 MP, f/2.2",,Yes,,Yes,"Wi-Fi 802.11 a/b/g/n/ac, dual-band, Wi-Fi Direct","5.0, A2DP, LE","GPS, GLONASS, GALILEO, BDS",No,Unspecified,USB Type-C 2.0,"Accelerometer, proximity","Li-Po 5000 mAh, non-removable",,,"Black, Green, White, Copper","SM-A045F, SM-A045F/DS, SM-A045M",,0.32 W/kg (head)     1.10 W/kg (body)     ,$ 89.99,,,,
195,Samsung Galaxy Z Fold4,True,True,True,True,"2022, August 10","Available. Released 2022, August 25",Unfolded: 155.1 x 130.1 x 6.3 mmFolded: 155.1 x 67.1 x 14.2-15.8 mm,263 g (9.28 oz),"Glass front (Gorilla Glass Victus+) (folded), plastic front (unfolded), glass back (Gorilla Glass Victus+), aluminum frame","Nano-SIM and eSIM or Dual SIM (2 Nano-SIMs and eSIM, dual stand-by)","IPX8 water resistant (up to 1.5m for 30 min)
Armor aluminum frame with tougher drop and scratch resistance (advertised)
Stylus support","Foldable Dynamic AMOLED 2X, 120Hz, HDR10+, 1200 nits (peak)","7.6 inches, 183.2 cm2 (~90.9% screen-to-body ratio)",1812 x 2176 pixels (~373 ppi density),,"Cover display:
Dynamic AMOLED 2X, 120Hz, Corning Gorilla Glass Victus+
6.2 inches, 904 x 2316 pixels, 23.1:9 ratio","Android 12L, up to 4 major Android upgrades, One UI 6.1.1",Qualcomm SM8475 Snapdragon 8+ Gen 1 (4 nm),Octa-core (1x3.19 GHz Cortex-X2 & 3x2.75 GHz Cortex-A710 & 4x1.80 GHz Cortex-A510),Adreno 730,No,"256GB 12GB RAM, 512GB 12GB RAM, 1TB 12GB RAM","50 MP, f/1.8, 23mm (wide), 1.0µm, dual pixel PDAF, OIS
10 MP, f/2.4, 66mm (telephoto), 1.0µm, PDAF, OIS, 3x optical zoom
12 MP, f/2.2, 123˚, 12mm (ultrawide), 1.12µm","LED flash, HDR, panorama","8K@24fps, 4K@60fps, 1080p@60/240fps (gyro-EIS), 720p@960fps (gyro-EIS), HDR10+","4 MP, f/1.8, 26mm (wide), 2.0µm, under display
Cover camera:
10 MP, f/2.2, 24mm (wide), 1/3"", 1.22µm",HDR,"4K@30/60fps, 1080p@30/60fps, gyro-EIS",,No,"Wi-Fi 802.11 a/b/g/n/ac/6e, dual-band, Wi-Fi Direct","5.2, A2DP, LE, aptX HD","GPS, GLONASS, GALILEO, BDS",Yes,No,"USB Type-C 3.2, OTG","Fingerprint (side-mounted), accelerometer, gyro, proximity, compass, barometer","Li-Po 4400 mAh, non-removable","25W wired, 50% in 30 min (advertised)
15W wireless
4.5W reverse wireless",,"Graygreen, Phantom Black, Beige, Burgundy","SM-F936B, SM-F936B/DS, SM-F936U, SM-F936U1, SM-F936N, SM-F936W, SM-F9360",0.96 W/kg (head)     0.92 W/kg (body)     ,1.30 W/kg (head)     1.51 W/kg (body)     ,"$ 628.99 / € 705.24 / £ 429.99 / ₹ 84,900","
AnTuTu: 964530 (v9)
GeekBench: 3981 (v5.1)
GFXBench: 43fps (ES 3.1 onscreen)",Endurance rating 101h,,4.5
196,Samsung Galaxy Z Flip4,True,True,True,True,"2022, August 10","Available. Released 2022, August 25",Unfolded: 165.2 x 71.9 x 6.9 mm Folded: 84.9 x 71.9 x 15.9-17.1 mm,187 g (6.60 oz),"Plastic front (unfolded), glass back (Gorilla Glass Victus+), aluminum frame",Nano-SIM and eSIM,"IPX8 water resistant (up to 1.5m for 30 min)
Armor aluminum frame with tougher drop and scratch resistance (advertised)","Foldable Dynamic AMOLED 2X, 120Hz, HDR10+, 1200 nits (peak)","6.7 inches, 101.5 cm2 (~85.4% screen-to-body ratio)",1080 x 2640 pixels (~426 ppi density),,"Cover display:
Super AMOLED, 1.9 inches, 260 x 512 pixels (Gorilla Glass Victus+)","Android 12, upgradable to Android 14, One UI 6.1.1",Qualcomm SM8475 Snapdragon 8+ Gen 1 (4 nm),Octa-core (1x3.19 GHz Cortex-X2 & 3x2.75 GHz Cortex-A710 & 4x1.80 GHz Cortex-A510),Adreno 730,No,"128GB 8GB RAM, 256GB 8GB RAM, 512GB 8GB RAM","12 MP, f/1.8, 24mm (wide), 1/1.76"", 1.8µm, dual pixel PDAF, OIS
12 MP, f/2.2, 123˚ (ultrawide), 1.12µm","LED flash, HDR, panorama","4K@30/60fps, 1080p@60/240fps, 720p@960fps, HDR10+","10 MP, f/2.4, 26mm (wide), 1.22µm",HDR,4K@30fps,,No,"Wi-Fi 802.11 a/b/g/n/ac/6, dual-band, Wi-Fi Direct","5.2, A2DP, LE","GPS, GLONASS, GALILEO, BDS",Yes,No,"USB Type-C 2.0, OTG","Fingerprint (side-mounted), accelerometer, gyro, proximity, compass, barometer","Li-Po 3700 mAh, non-removable","25W wired, 50% in 30 min (advertised)
15W wireless
4.5W reverse wireless",,"Bora Purple, Graphite, Pink Gold, Blue, Yellow, White, Navy, Khaki, Red","SM-F721B, SM-F721B/DS, SM-F721N, SM-F721U, SM-F721U1, SM-F721W, SM-F7210",1.02 W/kg (head)     0.94 W/kg (body)     ,1.15 W/kg (head)     1.20 W/kg (body)     ,"$ 318.98 / € 382.00 / £ 232.00 / ₹ 48,999","
AnTuTu: 685754 (v8) | 800001 (v9)
GeekBench: 3913 (v5.1)
GFXBench: 74fps (ES 3.1 onscreen)",Endurance rating 75h,,4.2
197,Samsung Galaxy Watch5 Pro,True,True,True,False,"2022, August 10","Available. Released 2022, August 26",45.4 x 45.4 x 10.5 mm (1.79 x 1.79 x 0.41 in),46.5 g (1.66 oz),"Glass front (Sapphire crystal), titanium frame",eSIM,"MIL-STD-810H compliant*
50m water resistant (IP68)
Compatible with standard 20mm straps
ECG certified
Blood pressure monitor
*does not guarantee ruggedness or use in extreme conditions",Super AMOLED,1.4 inches,450 x 450 pixels (~321 ppi density),Sapphire crystal,Always-on display,"Android Wear OS 4, One UI Watch 5",Exynos W920 (5 nm),Dual-core 1.18 GHz Cortex-A55,Mali-G68,No,16GB 1.5GB RAM,No,,,,,,,No,"Wi-Fi 802.11 a/b/g/n, dual-band","5.2, A2DP, LE","GPS, GLONASS, GALILEO, BDS",Yes,No,No,"Accelerometer, gyro, heart rate, barometer, thermometer (body temperature)","Li-Ion 590 mAh, non-removable",10W wireless (Qi),,"Black Titanium, Gray Titanium",SM-R925F,,,$ 59.99 / € 213.59,,,,4.0
198,Samsung Galaxy Watch5,True,True,True,False,"2022, August 10","Available. Released 2022, August 26",44.4 x 43.3 x 9.8 mm (1.75 x 1.70 x 0.39 in),"33.5 g (44mm), 28.7 g (40mm) (1.02 oz)","Glass front (Sapphire crystal), aluminum frame",eSIM,"MIL-STD-810H compliant*
50m water resistant (IP68)
Compatible with standard 20mm straps
ECG certified
Blood pressure monitor
Armor aluminum frame with tougher drop and scratch resistance (advertised)
*does not guarantee ruggedness or use in extreme conditions",Super AMOLED,1.4 inches,450 x 450 pixels (~321 ppi density),Sapphire crystal,Always-on display,"Android Wear OS 4, One UI Watch 5",Exynos W920 (5 nm),Dual-core 1.18 GHz Cortex-A55,Mali-G68,No,16GB 1.5GB RAM,No,,,,,,,No,"Wi-Fi 802.11 a/b/g/n, dual-band","5.2, A2DP, LE","GPS, GLONASS, GALILEO, BDS",Yes,No,No,"Accelerometer, gyro, heart rate, barometer, thermometer (skin temperature)","Li-Ion 410 mAh, non-removable",10W wireless (Qi),,"Graphite, Silver, Pink Gold, Sapphire","SM-R915F, SM-R905F",,,$ 143.99 / € 158.97,,,,4.0
199,,False,False,False,False,,,,,,,,,,,,,,,,,,,,,,,,,,,,,,,,,,,,,,,,,,,,,
